old_url,new_key,new_url
https://njs8lijpclsnzha2.public.blob.vercel-storage.com/media/accommodation/1757140425829-onetokyo.jpg,legacy/blob/media/accommodation/1757140425829-onetokyo.jpg,https://media.seawhere.com/legacy/blob/media/accommodation/1757140425829-onetokyo.jpg
https://njs8lijpclsnzha2.public.blob.vercel-storage.com/media/accommodation/1757140413948-sdr_33.jpg,legacy/blob/media/accommodation/1757140413948-sdr_33.jpg,https://media.seawhere.com/legacy/blob/media/accommodation/1757140413948-sdr_33.jpg
https://njs8lijpclsnzha2.public.blob.vercel-storage.com/media/accommodation/1757490013320-onetokyo.jpg,legacy/blob/media/accommodation/1757490013320-onetokyo.jpg,https://media.seawhere.com/legacy/blob/media/accommodation/1757490013320-onetokyo.jpg
https://njs8lijpclsnzha2.public.blob.vercel-storage.com/media/accommodation/1757490026064-sdr_33.jpg,legacy/blob/media/accommodation/1757490026064-sdr_33.jpg,https://media.seawhere.com/legacy/blob/media/accommodation/1757490026064-sdr_33.jpg
https://njs8lijpclsnzha2.public.blob.vercel-storage.com/media/accommodation/1757490040223-onetokyo.jpg,legacy/blob/media/accommodation/1757490040223-onetokyo.jpg,https://media.seawhere.com/legacy/blob/media/accommodation/1757490040223-onetokyo.jpg
https://njs8lijpclsnzha2.public.blob.vercel-storage.com/media/accommodation/1758016756156-4f6f08bb3245a33a6857dd7b585943492c47c7c60561bc82.avif,legacy/blob/media/accommodation/1758016756156-4f6f08bb3245a33a6857dd7b585943492c47c7c60561bc82.avif,https://media.seawhere.com/legacy/blob/media/accommodation/1758016756156-4f6f08bb3245a33a6857dd7b585943492c47c7c60561bc82.avif
https://njs8lijpclsnzha2.public.blob.vercel-storage.com/media/accommodation/1757490221456-sdr_31.jpg,legacy/blob/media/accommodation/1757490221456-sdr_31.jpg,https://media.seawhere.com/legacy/blob/media/accommodation/1757490221456-sdr_31.jpg
https://njs8lijpclsnzha2.public.blob.vercel-storage.com/media/accommodation/1758529983821-a69af850d606409c8c82173f560b9a27.webp,legacy/blob/media/accommodation/1758529983821-a69af850d606409c8c82173f560b9a27.webp,https://media.seawhere.com/legacy/blob/media/accommodation/1758529983821-a69af850d606409c8c82173f560b9a27.webp
https://njs8lijpclsnzha2.public.blob.vercel-storage.com/media/accommodation/1758530003110-a69af850d606409c8c82173f560b9a27.webp,legacy/blob/media/accommodation/1758530003110-a69af850d606409c8c82173f560b9a27.webp,https://media.seawhere.com/legacy/blob/media/accommodation/1758530003110-a69af850d606409c8c82173f560b9a27.webp
https://njs8lijpclsnzha2.public.blob.vercel-storage.com/media/accommodation/1758530005115-efd2b87dd7534ff0850b0cbe588642c9.webp,legacy/blob/media/accommodation/1758530005115-efd2b87dd7534ff0850b0cbe588642c9.webp,https://media.seawhere.com/legacy/blob/media/accommodation/1758530005115-efd2b87dd7534ff0850b0cbe588642c9.webp
https://njs8lijpclsnzha2.public.blob.vercel-storage.com/media/accommodation/1757490224673-top_access_map.jpg,legacy/blob/media/accommodation/1757490224673-top_access_map.jpg,https://media.seawhere.com/legacy/blob/media/accommodation/1757490224673-top_access_map.jpg
https://njs8lijpclsnzha2.public.blob.vercel-storage.com/media/accommodation/1758530012747-a69af850d606409c8c82173f560b9a27.webp,legacy/blob/media/accommodation/1758530012747-a69af850d606409c8c82173f560b9a27.webp,https://media.seawhere.com/legacy/blob/media/accommodation/1758530012747-a69af850d606409c8c82173f560b9a27.webp
https://njs8lijpclsnzha2.public.blob.vercel-storage.com/media/accommodation/1758530188224-a69af850d606409c8c82173f560b9a27.webp,legacy/blob/media/accommodation/1758530188224-a69af850d606409c8c82173f560b9a27.webp,https://media.seawhere.com/legacy/blob/media/accommodation/1758530188224-a69af850d606409c8c82173f560b9a27.webp
https://njs8lijpclsnzha2.public.blob.vercel-storage.com/media/accommodation/1758530191519-be70ef68fd674bb0bc1c79eecfee2612.webp,legacy/blob/media/accommodation/1758530191519-be70ef68fd674bb0bc1c79eecfee2612.webp,https://media.seawhere.com/legacy/blob/media/accommodation/1758530191519-be70ef68fd674bb0bc1c79eecfee2612.webp
https://njs8lijpclsnzha2.public.blob.vercel-storage.com/media/accommodation/1758530007193-9bda686855cf4d1e9dde5021c55e923f.webp,legacy/blob/media/accommodation/1758530007193-9bda686855cf4d1e9dde5021c55e923f.webp,https://media.seawhere.com/legacy/blob/media/accommodation/1758530007193-9bda686855cf4d1e9dde5021c55e923f.webp
https://njs8lijpclsnzha2.public.blob.vercel-storage.com/media/accommodation/1758530010157-be70ef68fd674bb0bc1c79eecfee2612.webp,legacy/blob/media/accommodation/1758530010157-be70ef68fd674bb0bc1c79eecfee2612.webp,https://media.seawhere.com/legacy/blob/media/accommodation/1758530010157-be70ef68fd674bb0bc1c79eecfee2612.webp
https://njs8lijpclsnzha2.public.blob.vercel-storage.com/media/accommodation/1758530193317-9bda686855cf4d1e9dde5021c55e923f.webp,legacy/blob/media/accommodation/1758530193317-9bda686855cf4d1e9dde5021c55e923f.webp,https://media.seawhere.com/legacy/blob/media/accommodation/1758530193317-9bda686855cf4d1e9dde5021c55e923f.webp
https://njs8lijpclsnzha2.public.blob.vercel-storage.com/media/accommodation/1757490262421-sdr_50.jpg,legacy/blob/media/accommodation/1757490262421-sdr_50.jpg,https://media.seawhere.com/legacy/blob/media/accommodation/1757490262421-sdr_50.jpg
https://njs8lijpclsnzha2.public.blob.vercel-storage.com/media/accommodation/1758530195720-efd2b87dd7534ff0850b0cbe588642c9.webp,legacy/blob/media/accommodation/1758530195720-efd2b87dd7534ff0850b0cbe588642c9.webp,https://media.seawhere.com/legacy/blob/media/accommodation/1758530195720-efd2b87dd7534ff0850b0cbe588642c9.webp
https://njs8lijpclsnzha2.public.blob.vercel-storage.com/media/accommodation/1758530325016-a69af850d606409c8c82173f560b9a27.webp,legacy/blob/media/accommodation/1758530325016-a69af850d606409c8c82173f560b9a27.webp,https://media.seawhere.com/legacy/blob/media/accommodation/1758530325016-a69af850d606409c8c82173f560b9a27.webp
https://njs8lijpclsnzha2.public.blob.vercel-storage.com/media/accommodation/1758530332310-a69af850d606409c8c82173f560b9a27.webp,legacy/blob/media/accommodation/1758530332310-a69af850d606409c8c82173f560b9a27.webp,https://media.seawhere.com/legacy/blob/media/accommodation/1758530332310-a69af850d606409c8c82173f560b9a27.webp
https://njs8lijpclsnzha2.public.blob.vercel-storage.com/media/accommodation/residence-boutique-hotel/21c64917-1491-4119-8982-e263b9298208-residence-boutique-hotel-luang-prabang-pic-7.jpeg,legacy/blob/media/accommodation/residence-boutique-hotel/21c64917-1491-4119-8982-e263b9298208-residence-boutique-hotel-luang-prabang-pic-7.jpeg,https://media.seawhere.com/legacy/blob/media/accommodation/residence-boutique-hotel/21c64917-1491-4119-8982-e263b9298208-residence-boutique-hotel-luang-prabang-pic-7.jpeg
https://njs8lijpclsnzha2.public.blob.vercel-storage.com/media/accommodation/residence-boutique-hotel/29fe6a07-5fc7-4894-8694-b9443059e145-residence-boutique-hotel-luang-prabang-pic-1.jpeg,legacy/blob/media/accommodation/residence-boutique-hotel/29fe6a07-5fc7-4894-8694-b9443059e145-residence-boutique-hotel-luang-prabang-pic-1.jpeg,https://media.seawhere.com/legacy/blob/media/accommodation/residence-boutique-hotel/29fe6a07-5fc7-4894-8694-b9443059e145-residence-boutique-hotel-luang-prabang-pic-1.jpeg
https://njs8lijpclsnzha2.public.blob.vercel-storage.com/media/accommodation/eastin-grand-sathorn/75aeb01a-4b75-4996-8328-7194367e7682-canon-4212-a-a-a-a-a.jpg,legacy/blob/media/accommodation/eastin-grand-sathorn/75aeb01a-4b75-4996-8328-7194367e7682-canon-4212-a-a-a-a-a.jpg,https://media.seawhere.com/legacy/blob/media/accommodation/eastin-grand-sathorn/75aeb01a-4b75-4996-8328-7194367e7682-canon-4212-a-a-a-a-a.jpg
https://njs8lijpclsnzha2.public.blob.vercel-storage.com/media/accommodation/residence-boutique-hotel/ab5aa27b-89f0-4063-bcfa-4cfbbe8273da-residence-boutique-hotel-luang-prabang-pic-7.jpeg,legacy/blob/media/accommodation/residence-boutique-hotel/ab5aa27b-89f0-4063-bcfa-4cfbbe8273da-residence-boutique-hotel-luang-prabang-pic-7.jpeg,https://media.seawhere.com/legacy/blob/media/accommodation/residence-boutique-hotel/ab5aa27b-89f0-4063-bcfa-4cfbbe8273da-residence-boutique-hotel-luang-prabang-pic-7.jpeg
https://njs8lijpclsnzha2.public.blob.vercel-storage.com/media/accommodation/residence-boutique-hotel/9c8b84b1-2895-4208-828e-c29144dd6fa1-residence-boutique-hotel-luang-prabang-pic-1.jpeg,legacy/blob/media/accommodation/residence-boutique-hotel/9c8b84b1-2895-4208-828e-c29144dd6fa1-residence-boutique-hotel-luang-prabang-pic-1.jpeg,https://media.seawhere.com/legacy/blob/media/accommodation/residence-boutique-hotel/9c8b84b1-2895-4208-828e-c29144dd6fa1-residence-boutique-hotel-luang-prabang-pic-1.jpeg
https://njs8lijpclsnzha2.public.blob.vercel-storage.com/media/day-itineraries/755cc8f1-0b83-498c-902b-6b6162300116-kuangsi.avif,legacy/blob/media/day-itineraries/755cc8f1-0b83-498c-902b-6b6162300116-kuangsi.avif,https://media.seawhere.com/legacy/blob/media/day-itineraries/755cc8f1-0b83-498c-902b-6b6162300116-kuangsi.avif
https://njs8lijpclsnzha2.public.blob.vercel-storage.com/media/accommodation/residence-boutique-hotel/b2443cf5-e65e-4481-ab96-bae6d8d1d997-residence-boutique-hotel-luang-prabang-pic-1.jpeg,legacy/blob/media/accommodation/residence-boutique-hotel/b2443cf5-e65e-4481-ab96-bae6d8d1d997-residence-boutique-hotel-luang-prabang-pic-1.jpeg,https://media.seawhere.com/legacy/blob/media/accommodation/residence-boutique-hotel/b2443cf5-e65e-4481-ab96-bae6d8d1d997-residence-boutique-hotel-luang-prabang-pic-1.jpeg
https://njs8lijpclsnzha2.public.blob.vercel-storage.com/media/accommodation/residence-boutique-hotel/df3d3563-0993-4665-965a-bab58d6bf1ab-residence-boutique-hotel-luang-prabang-pic-7.jpeg,legacy/blob/media/accommodation/residence-boutique-hotel/df3d3563-0993-4665-965a-bab58d6bf1ab-residence-boutique-hotel-luang-prabang-pic-7.jpeg,https://media.seawhere.com/legacy/blob/media/accommodation/residence-boutique-hotel/df3d3563-0993-4665-965a-bab58d6bf1ab-residence-boutique-hotel-luang-prabang-pic-7.jpeg
https://njs8lijpclsnzha2.public.blob.vercel-storage.com/media/destinations/bangkok/43a6b59b-521d-42f0-838b-58b4f70a447a-newfile-12.avif,legacy/blob/media/destinations/bangkok/43a6b59b-521d-42f0-838b-58b4f70a447a-newfile-12.avif,https://media.seawhere.com/legacy/blob/media/destinations/bangkok/43a6b59b-521d-42f0-838b-58b4f70a447a-newfile-12.avif
https://njs8lijpclsnzha2.public.blob.vercel-storage.com/media/destinations/da-nang/18dbc2e6-2cbe-4af1-b73a-2a1f6c39c83e-danang-beach.jpg,legacy/blob/media/destinations/da-nang/18dbc2e6-2cbe-4af1-b73a-2a1f6c39c83e-danang-beach.jpg,https://media.seawhere.com/legacy/blob/media/destinations/da-nang/18dbc2e6-2cbe-4af1-b73a-2a1f6c39c83e-danang-beach.jpg
https://njs8lijpclsnzha2.public.blob.vercel-storage.com/media/destinations/da-nang/605292f4-76cc-4d30-8217-6ad6007dfde9-danang.webp,legacy/blob/media/destinations/da-nang/605292f4-76cc-4d30-8217-6ad6007dfde9-danang.webp,https://media.seawhere.com/legacy/blob/media/destinations/da-nang/605292f4-76cc-4d30-8217-6ad6007dfde9-danang.webp
https://njs8lijpclsnzha2.public.blob.vercel-storage.com/media/destinations/bangkok/d6cbe628-5141-40e6-a396-5ad97f4c2797-header_thailand_winter.avif,legacy/blob/media/destinations/bangkok/d6cbe628-5141-40e6-a396-5ad97f4c2797-header_thailand_winter.avif,https://media.seawhere.com/legacy/blob/media/destinations/bangkok/d6cbe628-5141-40e6-a396-5ad97f4c2797-header_thailand_winter.avif
https://njs8lijpclsnzha2.public.blob.vercel-storage.com/media/destinations/hanoi/041aeb45-e7fb-430b-b7e1-e33da9d6067e-hanoi.webp,legacy/blob/media/destinations/hanoi/041aeb45-e7fb-430b-b7e1-e33da9d6067e-hanoi.webp,https://media.seawhere.com/legacy/blob/media/destinations/hanoi/041aeb45-e7fb-430b-b7e1-e33da9d6067e-hanoi.webp
https://njs8lijpclsnzha2.public.blob.vercel-storage.com/media/destinations/chiang-mai/af41cd5d-846d-4e3c-bb1e-494d332977ed-cswglxpstphljdourpfu.jpg,legacy/blob/media/destinations/chiang-mai/af41cd5d-846d-4e3c-bb1e-494d332977ed-cswglxpstphljdourpfu.jpg,https://media.seawhere.com/legacy/blob/media/destinations/chiang-mai/af41cd5d-846d-4e3c-bb1e-494d332977ed-cswglxpstphljdourpfu.jpg
https://njs8lijpclsnzha2.public.blob.vercel-storage.com/media/destinations/siem-reap/4f49ae36-2e05-4de7-b9cf-6cb410d948a6-0927-0723_siemreap.webp,legacy/blob/media/destinations/siem-reap/4f49ae36-2e05-4de7-b9cf-6cb410d948a6-0927-0723_siemreap.webp,https://media.seawhere.com/legacy/blob/media/destinations/siem-reap/4f49ae36-2e05-4de7-b9cf-6cb410d948a6-0927-0723_siemreap.webp
https://njs8lijpclsnzha2.public.blob.vercel-storage.com/media/destinations/luang-prabang/c1ad7ba6-d800-475c-998d-e7aa2118e79c-luang-prabang-old-quarter-street-2.webp,legacy/blob/media/destinations/luang-prabang/c1ad7ba6-d800-475c-998d-e7aa2118e79c-luang-prabang-old-quarter-street-2.webp,https://media.seawhere.com/legacy/blob/media/destinations/luang-prabang/c1ad7ba6-d800-475c-998d-e7aa2118e79c-luang-prabang-old-quarter-street-2.webp
https://njs8lijpclsnzha2.public.blob.vercel-storage.com/media/food-drink/manda-de-laos/258c3936-8ec2-42bf-a78a-bf930307b4b6-screenshot-2025-12-10-at-01-52-12.webp,legacy/blob/media/food-drink/manda-de-laos/258c3936-8ec2-42bf-a78a-bf930307b4b6-screenshot-2025-12-10-at-01-52-12.webp,https://media.seawhere.com/legacy/blob/media/food-drink/manda-de-laos/258c3936-8ec2-42bf-a78a-bf930307b4b6-screenshot-2025-12-10-at-01-52-12.webp
https://njs8lijpclsnzha2.public.blob.vercel-storage.com/media/food-drink/manda-de-laos/4ba10325-7d42-47f2-aa76-8e7475a1692d-screenshot-2025-12-10-at-01-52-01.webp,legacy/blob/media/food-drink/manda-de-laos/4ba10325-7d42-47f2-aa76-8e7475a1692d-screenshot-2025-12-10-at-01-52-01.webp,https://media.seawhere.com/legacy/blob/media/food-drink/manda-de-laos/4ba10325-7d42-47f2-aa76-8e7475a1692d-screenshot-2025-12-10-at-01-52-01.webp
https://njs8lijpclsnzha2.public.blob.vercel-storage.com/media/food-drink/manda-de-laos/8fc4add9-69dc-4476-a605-46984fafe116-screenshot-2025-12-10-at-01-52-01.webp,legacy/blob/media/food-drink/manda-de-laos/8fc4add9-69dc-4476-a605-46984fafe116-screenshot-2025-12-10-at-01-52-01.webp,https://media.seawhere.com/legacy/blob/media/food-drink/manda-de-laos/8fc4add9-69dc-4476-a605-46984fafe116-screenshot-2025-12-10-at-01-52-01.webp
https://njs8lijpclsnzha2.public.blob.vercel-storage.com/media/food-drink/red-bull-bar/27abd522-e3a4-49d5-83f7-ac451fffe17c-img_0679.png,legacy/blob/media/food-drink/red-bull-bar/27abd522-e3a4-49d5-83f7-ac451fffe17c-img_0679.png,https://media.seawhere.com/legacy/blob/media/food-drink/red-bull-bar/27abd522-e3a4-49d5-83f7-ac451fffe17c-img_0679.png
https://njs8lijpclsnzha2.public.blob.vercel-storage.com/media/food-drink/manda-de-laos/9c391616-3e86-4015-9fc8-aa6fc6fdee69-screenshot-2025-12-10-at-01-52-12.webp,legacy/blob/media/food-drink/manda-de-laos/9c391616-3e86-4015-9fc8-aa6fc6fdee69-screenshot-2025-12-10-at-01-52-12.webp,https://media.seawhere.com/legacy/blob/media/food-drink/manda-de-laos/9c391616-3e86-4015-9fc8-aa6fc6fdee69-screenshot-2025-12-10-at-01-52-12.webp
https://njs8lijpclsnzha2.public.blob.vercel-storage.com/media/sights/luang-prabang/alms-giving-ceremony/1982b99a-26d9-4b0d-a368-5512ec35e00a-img-20190709-053434-largejpg.jpg,legacy/blob/media/sights/luang-prabang/alms-giving-ceremony/1982b99a-26d9-4b0d-a368-5512ec35e00a-img-20190709-053434-largejpg.jpg,https://media.seawhere.com/legacy/blob/media/sights/luang-prabang/alms-giving-ceremony/1982b99a-26d9-4b0d-a368-5512ec35e00a-img-20190709-053434-largejpg.jpg
https://njs8lijpclsnzha2.public.blob.vercel-storage.com/media/sights/luang-prabang/alms-giving-ceremony/faa254aa-2cc7-407c-8048-b2d3a66935f1-alms-giving-ceremony-1.jpg,legacy/blob/media/sights/luang-prabang/alms-giving-ceremony/faa254aa-2cc7-407c-8048-b2d3a66935f1-alms-giving-ceremony-1.jpg,https://media.seawhere.com/legacy/blob/media/sights/luang-prabang/alms-giving-ceremony/faa254aa-2cc7-407c-8048-b2d3a66935f1-alms-giving-ceremony-1.jpg
https://njs8lijpclsnzha2.public.blob.vercel-storage.com/media/destinations/luang-prabang/43c081d5-dc55-4247-934d-9859607348cc-lpb-temple.png,legacy/blob/media/destinations/luang-prabang/43c081d5-dc55-4247-934d-9859607348cc-lpb-temple.png,https://media.seawhere.com/legacy/blob/media/destinations/luang-prabang/43c081d5-dc55-4247-934d-9859607348cc-lpb-temple.png
https://njs8lijpclsnzha2.public.blob.vercel-storage.com/media/sights/luang-prabang/ban-chan-pottery/ac800f3a-8c13-46a7-bc10-8ce4b4d15f02-banpottery.webp,legacy/blob/media/sights/luang-prabang/ban-chan-pottery/ac800f3a-8c13-46a7-bc10-8ce4b4d15f02-banpottery.webp,https://media.seawhere.com/legacy/blob/media/sights/luang-prabang/ban-chan-pottery/ac800f3a-8c13-46a7-bc10-8ce4b4d15f02-banpottery.webp
https://njs8lijpclsnzha2.public.blob.vercel-storage.com/media/food-drink/la-cantina/d30de331-948b-457d-b923-fde1c213bc83-lacantina.jpg,legacy/blob/media/food-drink/la-cantina/d30de331-948b-457d-b923-fde1c213bc83-lacantina.jpg,https://media.seawhere.com/legacy/blob/media/food-drink/la-cantina/d30de331-948b-457d-b923-fde1c213bc83-lacantina.jpg
https://njs8lijpclsnzha2.public.blob.vercel-storage.com/media/sights/luang-prabang/ban-xanghai/7b2101af-2160-4589-adee-645dcf009dde-banxanghai.webp,legacy/blob/media/sights/luang-prabang/ban-xanghai/7b2101af-2160-4589-adee-645dcf009dde-banxanghai.webp,https://media.seawhere.com/legacy/blob/media/sights/luang-prabang/ban-xanghai/7b2101af-2160-4589-adee-645dcf009dde-banxanghai.webp
https://njs8lijpclsnzha2.public.blob.vercel-storage.com/media/destinations/vang-vieng/7bc47270-7b20-4dfc-b527-80c4680fb252-vang-vieng.png,legacy/blob/media/destinations/vang-vieng/7bc47270-7b20-4dfc-b527-80c4680fb252-vang-vieng.png,https://media.seawhere.com/legacy/blob/media/destinations/vang-vieng/7bc47270-7b20-4dfc-b527-80c4680fb252-vang-vieng.png
https://njs8lijpclsnzha2.public.blob.vercel-storage.com/media/sights/luang-prabang/bear-rescue-center/dbbab962-d070-406f-bad5-758c2efbeb3e-laos_sanctuary_a_1024x1024.webp,legacy/blob/media/sights/luang-prabang/bear-rescue-center/dbbab962-d070-406f-bad5-758c2efbeb3e-laos_sanctuary_a_1024x1024.webp,https://media.seawhere.com/legacy/blob/media/sights/luang-prabang/bear-rescue-center/dbbab962-d070-406f-bad5-758c2efbeb3e-laos_sanctuary_a_1024x1024.webp
https://njs8lijpclsnzha2.public.blob.vercel-storage.com/media/sights/luang-prabang/big-brother-mouse/ff9d7dfc-3ab1-4025-87f1-03338bc41bcb-bbm.webp,legacy/blob/media/sights/luang-prabang/big-brother-mouse/ff9d7dfc-3ab1-4025-87f1-03338bc41bcb-bbm.webp,https://media.seawhere.com/legacy/blob/media/sights/luang-prabang/big-brother-mouse/ff9d7dfc-3ab1-4025-87f1-03338bc41bcb-bbm.webp
https://njs8lijpclsnzha2.public.blob.vercel-storage.com/media/sights/luang-prabang/kuang-si-waterfall/4eef0386-e605-479d-b32e-35059db4787c-kuangsi.jpeg,legacy/blob/media/sights/luang-prabang/kuang-si-waterfall/4eef0386-e605-479d-b32e-35059db4787c-kuangsi.jpeg,https://media.seawhere.com/legacy/blob/media/sights/luang-prabang/kuang-si-waterfall/4eef0386-e605-479d-b32e-35059db4787c-kuangsi.jpeg
https://njs8lijpclsnzha2.public.blob.vercel-storage.com/media/sights/luang-prabang/elephant-village-sanctuary/18855d57-9cf8-4e30-8f3e-63b66d2c19e7-elephantvillage.jpg,legacy/blob/media/sights/luang-prabang/elephant-village-sanctuary/18855d57-9cf8-4e30-8f3e-63b66d2c19e7-elephantvillage.jpg,https://media.seawhere.com/legacy/blob/media/sights/luang-prabang/elephant-village-sanctuary/18855d57-9cf8-4e30-8f3e-63b66d2c19e7-elephantvillage.jpg
https://njs8lijpclsnzha2.public.blob.vercel-storage.com/media/sights/luang-prabang/kuang-si-waterfall/5199b13f-766f-453b-b1f0-764c255aa80f-img_1673.webp,legacy/blob/media/sights/luang-prabang/kuang-si-waterfall/5199b13f-766f-453b-b1f0-764c255aa80f-img_1673.webp,https://media.seawhere.com/legacy/blob/media/sights/luang-prabang/kuang-si-waterfall/5199b13f-766f-453b-b1f0-764c255aa80f-img_1673.webp
https://njs8lijpclsnzha2.public.blob.vercel-storage.com/media/sights/luang-prabang/luang-prabang-night-market/c795e499-ea2c-4db9-b2df-3a1d862f41c7-lpbnm2.jpg,legacy/blob/media/sights/luang-prabang/luang-prabang-night-market/c795e499-ea2c-4db9-b2df-3a1d862f41c7-lpbnm2.jpg,https://media.seawhere.com/legacy/blob/media/sights/luang-prabang/luang-prabang-night-market/c795e499-ea2c-4db9-b2df-3a1d862f41c7-lpbnm2.jpg
https://njs8lijpclsnzha2.public.blob.vercel-storage.com/media/sights/luang-prabang/luang-prabang-night-market/0695d5a4-4982-4851-8b4f-770ea480843c-lpbnm.jpg,legacy/blob/media/sights/luang-prabang/luang-prabang-night-market/0695d5a4-4982-4851-8b4f-770ea480843c-lpbnm.jpg,https://media.seawhere.com/legacy/blob/media/sights/luang-prabang/luang-prabang-night-market/0695d5a4-4982-4851-8b4f-770ea480843c-lpbnm.jpg
https://njs8lijpclsnzha2.public.blob.vercel-storage.com/media/sights/luang-prabang/kuang-si-waterfall/a3bf2c22-91c3-4239-b737-b25ae565f6ae-img_1662.webp,legacy/blob/media/sights/luang-prabang/kuang-si-waterfall/a3bf2c22-91c3-4239-b737-b25ae565f6ae-img_1662.webp,https://media.seawhere.com/legacy/blob/media/sights/luang-prabang/kuang-si-waterfall/a3bf2c22-91c3-4239-b737-b25ae565f6ae-img_1662.webp
https://njs8lijpclsnzha2.public.blob.vercel-storage.com/media/sights/luang-prabang/mekong-river-cruise/104f2dfa-aba7-4bbe-87f5-b43f509d3d11-riverc3.webp,legacy/blob/media/sights/luang-prabang/mekong-river-cruise/104f2dfa-aba7-4bbe-87f5-b43f509d3d11-riverc3.webp,https://media.seawhere.com/legacy/blob/media/sights/luang-prabang/mekong-river-cruise/104f2dfa-aba7-4bbe-87f5-b43f509d3d11-riverc3.webp
https://njs8lijpclsnzha2.public.blob.vercel-storage.com/media/sights/luang-prabang/mekong-river-cruise/4fb14505-1de8-441c-9911-8501cc8b2967-rivercruise.webp,legacy/blob/media/sights/luang-prabang/mekong-river-cruise/4fb14505-1de8-441c-9911-8501cc8b2967-rivercruise.webp,https://media.seawhere.com/legacy/blob/media/sights/luang-prabang/mekong-river-cruise/4fb14505-1de8-441c-9911-8501cc8b2967-rivercruise.webp
https://njs8lijpclsnzha2.public.blob.vercel-storage.com/media/sights/luang-prabang/ban-xanghai/e611f61f-a47b-480b-8aa7-6c736168959d-banxanghai2.jpg,legacy/blob/media/sights/luang-prabang/ban-xanghai/e611f61f-a47b-480b-8aa7-6c736168959d-banxanghai2.jpg,https://media.seawhere.com/legacy/blob/media/sights/luang-prabang/ban-xanghai/e611f61f-a47b-480b-8aa7-6c736168959d-banxanghai2.jpg
https://njs8lijpclsnzha2.public.blob.vercel-storage.com/media/sights/luang-prabang/morning-market-lpb/4fe99184-eec3-4e2d-ba1a-8979c4e8f086-luang-prabang-morning-market-2.webp,legacy/blob/media/sights/luang-prabang/morning-market-lpb/4fe99184-eec3-4e2d-ba1a-8979c4e8f086-luang-prabang-morning-market-2.webp,https://media.seawhere.com/legacy/blob/media/sights/luang-prabang/morning-market-lpb/4fe99184-eec3-4e2d-ba1a-8979c4e8f086-luang-prabang-morning-market-2.webp
https://njs8lijpclsnzha2.public.blob.vercel-storage.com/media/sights/luang-prabang/mount-phousi/4b401dbf-d279-4c13-817a-39a5516a244d-phousi4.jpg,legacy/blob/media/sights/luang-prabang/mount-phousi/4b401dbf-d279-4c13-817a-39a5516a244d-phousi4.jpg,https://media.seawhere.com/legacy/blob/media/sights/luang-prabang/mount-phousi/4b401dbf-d279-4c13-817a-39a5516a244d-phousi4.jpg
https://njs8lijpclsnzha2.public.blob.vercel-storage.com/media/sights/luang-prabang/mount-phousi/8ddd9805-a94d-4932-9c61-35c9e966c979-phousi2.jpg,legacy/blob/media/sights/luang-prabang/mount-phousi/8ddd9805-a94d-4932-9c61-35c9e966c979-phousi2.jpg,https://media.seawhere.com/legacy/blob/media/sights/luang-prabang/mount-phousi/8ddd9805-a94d-4932-9c61-35c9e966c979-phousi2.jpg
https://njs8lijpclsnzha2.public.blob.vercel-storage.com/media/sights/luang-prabang/mount-phousi/5d371804-b1af-46e0-be80-bbd43bafd93b-phousi.jpg,legacy/blob/media/sights/luang-prabang/mount-phousi/5d371804-b1af-46e0-be80-bbd43bafd93b-phousi.jpg,https://media.seawhere.com/legacy/blob/media/sights/luang-prabang/mount-phousi/5d371804-b1af-46e0-be80-bbd43bafd93b-phousi.jpg
https://njs8lijpclsnzha2.public.blob.vercel-storage.com/media/sights/luang-prabang/mekong-river-cruise/687fb70b-2d9b-433a-bf73-c3d6d3df74a6-riverc2.webp,legacy/blob/media/sights/luang-prabang/mekong-river-cruise/687fb70b-2d9b-433a-bf73-c3d6d3df74a6-riverc2.webp,https://media.seawhere.com/legacy/blob/media/sights/luang-prabang/mekong-river-cruise/687fb70b-2d9b-433a-bf73-c3d6d3df74a6-riverc2.webp
https://njs8lijpclsnzha2.public.blob.vercel-storage.com/media/sights/luang-prabang/mount-phousi/93f5f5cd-dbcf-464b-983a-1d371f155c42-phousi3.webp,legacy/blob/media/sights/luang-prabang/mount-phousi/93f5f5cd-dbcf-464b-983a-1d371f155c42-phousi3.webp,https://media.seawhere.com/legacy/blob/media/sights/luang-prabang/mount-phousi/93f5f5cd-dbcf-464b-983a-1d371f155c42-phousi3.webp
https://njs8lijpclsnzha2.public.blob.vercel-storage.com/media/sights/luang-prabang/pak-ou-caves/0677baeb-f822-46cb-9b6e-759e56dca1e2-pakou3.webp,legacy/blob/media/sights/luang-prabang/pak-ou-caves/0677baeb-f822-46cb-9b6e-759e56dca1e2-pakou3.webp,https://media.seawhere.com/legacy/blob/media/sights/luang-prabang/pak-ou-caves/0677baeb-f822-46cb-9b6e-759e56dca1e2-pakou3.webp
https://njs8lijpclsnzha2.public.blob.vercel-storage.com/media/sights/luang-prabang/old-quarter-lpb/34153dbb-ad7f-4bf3-8a3f-350831ca76b1-lpbot2.webp,legacy/blob/media/sights/luang-prabang/old-quarter-lpb/34153dbb-ad7f-4bf3-8a3f-350831ca76b1-lpbot2.webp,https://media.seawhere.com/legacy/blob/media/sights/luang-prabang/old-quarter-lpb/34153dbb-ad7f-4bf3-8a3f-350831ca76b1-lpbot2.webp
https://njs8lijpclsnzha2.public.blob.vercel-storage.com/media/sights/luang-prabang/pak-ou-caves/a489a108-897b-4744-8705-2fecd3c1d603-pakou2.webp,legacy/blob/media/sights/luang-prabang/pak-ou-caves/a489a108-897b-4744-8705-2fecd3c1d603-pakou2.webp,https://media.seawhere.com/legacy/blob/media/sights/luang-prabang/pak-ou-caves/a489a108-897b-4744-8705-2fecd3c1d603-pakou2.webp
https://njs8lijpclsnzha2.public.blob.vercel-storage.com/media/sights/luang-prabang/phosy-market/6ac87892-3af7-46be-902f-aa1ed8d34ae2-phosi-market-5.jpg,legacy/blob/media/sights/luang-prabang/phosy-market/6ac87892-3af7-46be-902f-aa1ed8d34ae2-phosi-market-5.jpg,https://media.seawhere.com/legacy/blob/media/sights/luang-prabang/phosy-market/6ac87892-3af7-46be-902f-aa1ed8d34ae2-phosi-market-5.jpg
https://njs8lijpclsnzha2.public.blob.vercel-storage.com/media/sights/luang-prabang/pak-ou-caves/76f05dcd-4d42-461e-8c0b-55c4e548dc65-pakou.webp,legacy/blob/media/sights/luang-prabang/pak-ou-caves/76f05dcd-4d42-461e-8c0b-55c4e548dc65-pakou.webp,https://media.seawhere.com/legacy/blob/media/sights/luang-prabang/pak-ou-caves/76f05dcd-4d42-461e-8c0b-55c4e548dc65-pakou.webp
https://njs8lijpclsnzha2.public.blob.vercel-storage.com/media/sights/vang-vieng/blue-lagoon-3/404a1f30-9710-417e-a09a-7406dcbaff71-bluelagoon3.jpg,legacy/blob/media/sights/vang-vieng/blue-lagoon-3/404a1f30-9710-417e-a09a-7406dcbaff71-bluelagoon3.jpg,https://media.seawhere.com/legacy/blob/media/sights/vang-vieng/blue-lagoon-3/404a1f30-9710-417e-a09a-7406dcbaff71-bluelagoon3.jpg
https://njs8lijpclsnzha2.public.blob.vercel-storage.com/media/sights/luang-prabang/uxo-laos-visitor-centre/27c05a11-9ec0-4fb9-a14a-5f08d06fe4f4-img_0612.jpeg,legacy/blob/media/sights/luang-prabang/uxo-laos-visitor-centre/27c05a11-9ec0-4fb9-a14a-5f08d06fe4f4-img_0612.jpeg,https://media.seawhere.com/legacy/blob/media/sights/luang-prabang/uxo-laos-visitor-centre/27c05a11-9ec0-4fb9-a14a-5f08d06fe4f4-img_0612.jpeg
https://njs8lijpclsnzha2.public.blob.vercel-storage.com/media/sights/luang-prabang/old-quarter-lpb/ee9d084e-9261-4a40-867f-667b20cb0f92-lpboldt.webp,legacy/blob/media/sights/luang-prabang/old-quarter-lpb/ee9d084e-9261-4a40-867f-667b20cb0f92-lpboldt.webp,https://media.seawhere.com/legacy/blob/media/sights/luang-prabang/old-quarter-lpb/ee9d084e-9261-4a40-867f-667b20cb0f92-lpboldt.webp
https://njs8lijpclsnzha2.public.blob.vercel-storage.com/media/trips/hero/afeb4d9b-f8df-4250-9975-4dcd9ae22fca-riverc2.webp,legacy/blob/media/trips/hero/afeb4d9b-f8df-4250-9975-4dcd9ae22fca-riverc2.webp,https://media.seawhere.com/legacy/blob/media/trips/hero/afeb4d9b-f8df-4250-9975-4dcd9ae22fca-riverc2.webp
https://njs8lijpclsnzha2.public.blob.vercel-storage.com/media/sights/vang-vieng/nam-xay-viewpoint/38f6ebf0-99cc-422a-8b32-29440dd56cdd-nam-xay-viewpoint.jpg,legacy/blob/media/sights/vang-vieng/nam-xay-viewpoint/38f6ebf0-99cc-422a-8b32-29440dd56cdd-nam-xay-viewpoint.jpg,https://media.seawhere.com/legacy/blob/media/sights/vang-vieng/nam-xay-viewpoint/38f6ebf0-99cc-422a-8b32-29440dd56cdd-nam-xay-viewpoint.jpg
https://njs8lijpclsnzha2.public.blob.vercel-storage.com/media/sights/vang-vieng/blue-lagoon-4/ede2c199-94ad-423e-b1c4-6af4396e603f-bluelagoon4.webp,legacy/blob/media/sights/vang-vieng/blue-lagoon-4/ede2c199-94ad-423e-b1c4-6af4396e603f-bluelagoon4.webp,https://media.seawhere.com/legacy/blob/media/sights/vang-vieng/blue-lagoon-4/ede2c199-94ad-423e-b1c4-6af4396e603f-bluelagoon4.webp
https://njs8lijpclsnzha2.public.blob.vercel-storage.com/media/sights/luang-prabang/royal-palace-museum/b0db78d4-b6b5-4541-a825-10a949ee9838-luang-prabang-royal-palace-museum3-copy.jpg,legacy/blob/media/sights/luang-prabang/royal-palace-museum/b0db78d4-b6b5-4541-a825-10a949ee9838-luang-prabang-royal-palace-museum3-copy.jpg,https://media.seawhere.com/legacy/blob/media/sights/luang-prabang/royal-palace-museum/b0db78d4-b6b5-4541-a825-10a949ee9838-luang-prabang-royal-palace-museum3-copy.jpg
https://njs8lijpclsnzha2.public.blob.vercel-storage.com/media/accommodation/1757490040223-onetokyo.jpg,media/accommodation/1757490040223-onetokyo.jpg,https://media.seawhere.com/media/accommodation/1757490040223-onetokyo.jpg
https://njs8lijpclsnzha2.public.blob.vercel-storage.com/media/accommodation/1757490013320-onetokyo.jpg,media/accommodation/1757490013320-onetokyo.jpg,https://media.seawhere.com/media/accommodation/1757490013320-onetokyo.jpg
https://njs8lijpclsnzha2.public.blob.vercel-storage.com/media/accommodation/1757140425829-onetokyo.jpg,media/accommodation/1757140425829-onetokyo.jpg,https://media.seawhere.com/media/accommodation/1757140425829-onetokyo.jpg
https://njs8lijpclsnzha2.public.blob.vercel-storage.com/media/accommodation/1757140413948-sdr_33.jpg,media/accommodation/1757140413948-sdr_33.jpg,https://media.seawhere.com/media/accommodation/1757140413948-sdr_33.jpg
https://njs8lijpclsnzha2.public.blob.vercel-storage.com/media/accommodation/1757490224673-top_access_map.jpg,media/accommodation/1757490224673-top_access_map.jpg,https://media.seawhere.com/media/accommodation/1757490224673-top_access_map.jpg
https://njs8lijpclsnzha2.public.blob.vercel-storage.com/media/accommodation/1757490026064-sdr_33.jpg,media/accommodation/1757490026064-sdr_33.jpg,https://media.seawhere.com/media/accommodation/1757490026064-sdr_33.jpg
https://njs8lijpclsnzha2.public.blob.vercel-storage.com/media/accommodation/1758529983821-a69af850d606409c8c82173f560b9a27.webp,media/accommodation/1758529983821-a69af850d606409c8c82173f560b9a27.webp,https://media.seawhere.com/media/accommodation/1758529983821-a69af850d606409c8c82173f560b9a27.webp
https://njs8lijpclsnzha2.public.blob.vercel-storage.com/media/accommodation/1758530003110-a69af850d606409c8c82173f560b9a27.webp,media/accommodation/1758530003110-a69af850d606409c8c82173f560b9a27.webp,https://media.seawhere.com/media/accommodation/1758530003110-a69af850d606409c8c82173f560b9a27.webp
https://njs8lijpclsnzha2.public.blob.vercel-storage.com/media/accommodation/1758016756156-4f6f08bb3245a33a6857dd7b585943492c47c7c60561bc82.avif,media/accommodation/1758016756156-4f6f08bb3245a33a6857dd7b585943492c47c7c60561bc82.avif,https://media.seawhere.com/media/accommodation/1758016756156-4f6f08bb3245a33a6857dd7b585943492c47c7c60561bc82.avif
https://njs8lijpclsnzha2.public.blob.vercel-storage.com/media/accommodation/1758530010157-be70ef68fd674bb0bc1c79eecfee2612.webp,media/accommodation/1758530010157-be70ef68fd674bb0bc1c79eecfee2612.webp,https://media.seawhere.com/media/accommodation/1758530010157-be70ef68fd674bb0bc1c79eecfee2612.webp
https://njs8lijpclsnzha2.public.blob.vercel-storage.com/media/accommodation/1758530005115-efd2b87dd7534ff0850b0cbe588642c9.webp,media/accommodation/1758530005115-efd2b87dd7534ff0850b0cbe588642c9.webp,https://media.seawhere.com/media/accommodation/1758530005115-efd2b87dd7534ff0850b0cbe588642c9.webp
https://njs8lijpclsnzha2.public.blob.vercel-storage.com/media/accommodation/1758530007193-9bda686855cf4d1e9dde5021c55e923f.webp,media/accommodation/1758530007193-9bda686855cf4d1e9dde5021c55e923f.webp,https://media.seawhere.com/media/accommodation/1758530007193-9bda686855cf4d1e9dde5021c55e923f.webp
https://njs8lijpclsnzha2.public.blob.vercel-storage.com/media/accommodation/1757490221456-sdr_31.jpg,media/accommodation/1757490221456-sdr_31.jpg,https://media.seawhere.com/media/accommodation/1757490221456-sdr_31.jpg
https://njs8lijpclsnzha2.public.blob.vercel-storage.com/media/accommodation/1758530012747-a69af850d606409c8c82173f560b9a27.webp,media/accommodation/1758530012747-a69af850d606409c8c82173f560b9a27.webp,https://media.seawhere.com/media/accommodation/1758530012747-a69af850d606409c8c82173f560b9a27.webp
https://njs8lijpclsnzha2.public.blob.vercel-storage.com/media/accommodation/1757490262421-sdr_50.jpg,media/accommodation/1757490262421-sdr_50.jpg,https://media.seawhere.com/media/accommodation/1757490262421-sdr_50.jpg
https://njs8lijpclsnzha2.public.blob.vercel-storage.com/media/accommodation/1758530188224-a69af850d606409c8c82173f560b9a27.webp,media/accommodation/1758530188224-a69af850d606409c8c82173f560b9a27.webp,https://media.seawhere.com/media/accommodation/1758530188224-a69af850d606409c8c82173f560b9a27.webp
https://njs8lijpclsnzha2.public.blob.vercel-storage.com/media/accommodation/1758530191519-be70ef68fd674bb0bc1c79eecfee2612.webp,media/accommodation/1758530191519-be70ef68fd674bb0bc1c79eecfee2612.webp,https://media.seawhere.com/media/accommodation/1758530191519-be70ef68fd674bb0bc1c79eecfee2612.webp
https://njs8lijpclsnzha2.public.blob.vercel-storage.com/media/accommodation/1758530195720-efd2b87dd7534ff0850b0cbe588642c9.webp,media/accommodation/1758530195720-efd2b87dd7534ff0850b0cbe588642c9.webp,https://media.seawhere.com/media/accommodation/1758530195720-efd2b87dd7534ff0850b0cbe588642c9.webp
https://njs8lijpclsnzha2.public.blob.vercel-storage.com/media/accommodation/1758530325016-a69af850d606409c8c82173f560b9a27.webp,media/accommodation/1758530325016-a69af850d606409c8c82173f560b9a27.webp,https://media.seawhere.com/media/accommodation/1758530325016-a69af850d606409c8c82173f560b9a27.webp
https://njs8lijpclsnzha2.public.blob.vercel-storage.com/media/accommodation/1758530332310-a69af850d606409c8c82173f560b9a27.webp,media/accommodation/1758530332310-a69af850d606409c8c82173f560b9a27.webp,https://media.seawhere.com/media/accommodation/1758530332310-a69af850d606409c8c82173f560b9a27.webp
https://njs8lijpclsnzha2.public.blob.vercel-storage.com/media/accommodation/1758530193317-9bda686855cf4d1e9dde5021c55e923f.webp,media/accommodation/1758530193317-9bda686855cf4d1e9dde5021c55e923f.webp,https://media.seawhere.com/media/accommodation/1758530193317-9bda686855cf4d1e9dde5021c55e923f.webp
https://njs8lijpclsnzha2.public.blob.vercel-storage.com/media/accommodation/eastin-grand-sathorn/75aeb01a-4b75-4996-8328-7194367e7682-canon-4212-a-a-a-a-a.jpg,media/accommodation/eastin-grand-sathorn/75aeb01a-4b75-4996-8328-7194367e7682-canon-4212-a-a-a-a-a.jpg,https://media.seawhere.com/media/accommodation/eastin-grand-sathorn/75aeb01a-4b75-4996-8328-7194367e7682-canon-4212-a-a-a-a-a.jpg
https://njs8lijpclsnzha2.public.blob.vercel-storage.com/media/accommodation/residence-boutique-hotel/21c64917-1491-4119-8982-e263b9298208-residence-boutique-hotel-luang-prabang-pic-7.jpeg,media/accommodation/residence-boutique-hotel/21c64917-1491-4119-8982-e263b9298208-residence-boutique-hotel-luang-prabang-pic-7.jpeg,https://media.seawhere.com/media/accommodation/residence-boutique-hotel/21c64917-1491-4119-8982-e263b9298208-residence-boutique-hotel-luang-prabang-pic-7.jpeg
https://njs8lijpclsnzha2.public.blob.vercel-storage.com/media/accommodation/residence-boutique-hotel/29fe6a07-5fc7-4894-8694-b9443059e145-residence-boutique-hotel-luang-prabang-pic-1.jpeg,media/accommodation/residence-boutique-hotel/29fe6a07-5fc7-4894-8694-b9443059e145-residence-boutique-hotel-luang-prabang-pic-1.jpeg,https://media.seawhere.com/media/accommodation/residence-boutique-hotel/29fe6a07-5fc7-4894-8694-b9443059e145-residence-boutique-hotel-luang-prabang-pic-1.jpeg
https://njs8lijpclsnzha2.public.blob.vercel-storage.com/media/accommodation/residence-boutique-hotel/9c8b84b1-2895-4208-828e-c29144dd6fa1-residence-boutique-hotel-luang-prabang-pic-1.jpeg,media/accommodation/residence-boutique-hotel/9c8b84b1-2895-4208-828e-c29144dd6fa1-residence-boutique-hotel-luang-prabang-pic-1.jpeg,https://media.seawhere.com/media/accommodation/residence-boutique-hotel/9c8b84b1-2895-4208-828e-c29144dd6fa1-residence-boutique-hotel-luang-prabang-pic-1.jpeg
https://njs8lijpclsnzha2.public.blob.vercel-storage.com/media/accommodation/residence-boutique-hotel/ab5aa27b-89f0-4063-bcfa-4cfbbe8273da-residence-boutique-hotel-luang-prabang-pic-7.jpeg,media/accommodation/residence-boutique-hotel/ab5aa27b-89f0-4063-bcfa-4cfbbe8273da-residence-boutique-hotel-luang-prabang-pic-7.jpeg,https://media.seawhere.com/media/accommodation/residence-boutique-hotel/ab5aa27b-89f0-4063-bcfa-4cfbbe8273da-residence-boutique-hotel-luang-prabang-pic-7.jpeg
https://njs8lijpclsnzha2.public.blob.vercel-storage.com/media/accommodation/residence-boutique-hotel/df3d3563-0993-4665-965a-bab58d6bf1ab-residence-boutique-hotel-luang-prabang-pic-7.jpeg,media/accommodation/residence-boutique-hotel/df3d3563-0993-4665-965a-bab58d6bf1ab-residence-boutique-hotel-luang-prabang-pic-7.jpeg,https://media.seawhere.com/media/accommodation/residence-boutique-hotel/df3d3563-0993-4665-965a-bab58d6bf1ab-residence-boutique-hotel-luang-prabang-pic-7.jpeg
https://njs8lijpclsnzha2.public.blob.vercel-storage.com/media/accommodation/residence-boutique-hotel/b2443cf5-e65e-4481-ab96-bae6d8d1d997-residence-boutique-hotel-luang-prabang-pic-1.jpeg,media/accommodation/residence-boutique-hotel/b2443cf5-e65e-4481-ab96-bae6d8d1d997-residence-boutique-hotel-luang-prabang-pic-1.jpeg,https://media.seawhere.com/media/accommodation/residence-boutique-hotel/b2443cf5-e65e-4481-ab96-bae6d8d1d997-residence-boutique-hotel-luang-prabang-pic-1.jpeg
https://njs8lijpclsnzha2.public.blob.vercel-storage.com/media/day-itineraries/755cc8f1-0b83-498c-902b-6b6162300116-kuangsi.avif,media/day-itineraries/755cc8f1-0b83-498c-902b-6b6162300116-kuangsi.avif,https://media.seawhere.com/media/day-itineraries/755cc8f1-0b83-498c-902b-6b6162300116-kuangsi.avif
https://njs8lijpclsnzha2.public.blob.vercel-storage.com/media/destinations/da-nang/18dbc2e6-2cbe-4af1-b73a-2a1f6c39c83e-danang-beach.jpg,media/destinations/da-nang/18dbc2e6-2cbe-4af1-b73a-2a1f6c39c83e-danang-beach.jpg,https://media.seawhere.com/media/destinations/da-nang/18dbc2e6-2cbe-4af1-b73a-2a1f6c39c83e-danang-beach.jpg
https://njs8lijpclsnzha2.public.blob.vercel-storage.com/media/destinations/bangkok/43a6b59b-521d-42f0-838b-58b4f70a447a-newfile-12.avif,media/destinations/bangkok/43a6b59b-521d-42f0-838b-58b4f70a447a-newfile-12.avif,https://media.seawhere.com/media/destinations/bangkok/43a6b59b-521d-42f0-838b-58b4f70a447a-newfile-12.avif
https://njs8lijpclsnzha2.public.blob.vercel-storage.com/media/destinations/chiang-mai/af41cd5d-846d-4e3c-bb1e-494d332977ed-cswglxpstphljdourpfu.jpg,media/destinations/chiang-mai/af41cd5d-846d-4e3c-bb1e-494d332977ed-cswglxpstphljdourpfu.jpg,https://media.seawhere.com/media/destinations/chiang-mai/af41cd5d-846d-4e3c-bb1e-494d332977ed-cswglxpstphljdourpfu.jpg
https://njs8lijpclsnzha2.public.blob.vercel-storage.com/media/destinations/hanoi/041aeb45-e7fb-430b-b7e1-e33da9d6067e-hanoi.webp,media/destinations/hanoi/041aeb45-e7fb-430b-b7e1-e33da9d6067e-hanoi.webp,https://media.seawhere.com/media/destinations/hanoi/041aeb45-e7fb-430b-b7e1-e33da9d6067e-hanoi.webp
https://njs8lijpclsnzha2.public.blob.vercel-storage.com/media/destinations/da-nang/605292f4-76cc-4d30-8217-6ad6007dfde9-danang.webp,media/destinations/da-nang/605292f4-76cc-4d30-8217-6ad6007dfde9-danang.webp,https://media.seawhere.com/media/destinations/da-nang/605292f4-76cc-4d30-8217-6ad6007dfde9-danang.webp
https://njs8lijpclsnzha2.public.blob.vercel-storage.com/media/destinations/bangkok/d6cbe628-5141-40e6-a396-5ad97f4c2797-header_thailand_winter.avif,media/destinations/bangkok/d6cbe628-5141-40e6-a396-5ad97f4c2797-header_thailand_winter.avif,https://media.seawhere.com/media/destinations/bangkok/d6cbe628-5141-40e6-a396-5ad97f4c2797-header_thailand_winter.avif
https://njs8lijpclsnzha2.public.blob.vercel-storage.com/media/destinations/luang-prabang/c1ad7ba6-d800-475c-998d-e7aa2118e79c-luang-prabang-old-quarter-street-2.webp,media/destinations/luang-prabang/c1ad7ba6-d800-475c-998d-e7aa2118e79c-luang-prabang-old-quarter-street-2.webp,https://media.seawhere.com/media/destinations/luang-prabang/c1ad7ba6-d800-475c-998d-e7aa2118e79c-luang-prabang-old-quarter-street-2.webp
https://njs8lijpclsnzha2.public.blob.vercel-storage.com/media/destinations/siem-reap/4f49ae36-2e05-4de7-b9cf-6cb410d948a6-0927-0723_siemreap.webp,media/destinations/siem-reap/4f49ae36-2e05-4de7-b9cf-6cb410d948a6-0927-0723_siemreap.webp,https://media.seawhere.com/media/destinations/siem-reap/4f49ae36-2e05-4de7-b9cf-6cb410d948a6-0927-0723_siemreap.webp
https://njs8lijpclsnzha2.public.blob.vercel-storage.com/media/food-drink/manda-de-laos/258c3936-8ec2-42bf-a78a-bf930307b4b6-screenshot-2025-12-10-at-01-52-12.webp,media/food-drink/manda-de-laos/258c3936-8ec2-42bf-a78a-bf930307b4b6-screenshot-2025-12-10-at-01-52-12.webp,https://media.seawhere.com/media/food-drink/manda-de-laos/258c3936-8ec2-42bf-a78a-bf930307b4b6-screenshot-2025-12-10-at-01-52-12.webp
https://njs8lijpclsnzha2.public.blob.vercel-storage.com/media/food-drink/manda-de-laos/4ba10325-7d42-47f2-aa76-8e7475a1692d-screenshot-2025-12-10-at-01-52-01.webp,media/food-drink/manda-de-laos/4ba10325-7d42-47f2-aa76-8e7475a1692d-screenshot-2025-12-10-at-01-52-01.webp,https://media.seawhere.com/media/food-drink/manda-de-laos/4ba10325-7d42-47f2-aa76-8e7475a1692d-screenshot-2025-12-10-at-01-52-01.webp
https://njs8lijpclsnzha2.public.blob.vercel-storage.com/media/food-drink/la-cantina/d30de331-948b-457d-b923-fde1c213bc83-lacantina.jpg,media/food-drink/la-cantina/d30de331-948b-457d-b923-fde1c213bc83-lacantina.jpg,https://media.seawhere.com/media/food-drink/la-cantina/d30de331-948b-457d-b923-fde1c213bc83-lacantina.jpg
https://njs8lijpclsnzha2.public.blob.vercel-storage.com/media/food-drink/manda-de-laos/8fc4add9-69dc-4476-a605-46984fafe116-screenshot-2025-12-10-at-01-52-01.webp,media/food-drink/manda-de-laos/8fc4add9-69dc-4476-a605-46984fafe116-screenshot-2025-12-10-at-01-52-01.webp,https://media.seawhere.com/media/food-drink/manda-de-laos/8fc4add9-69dc-4476-a605-46984fafe116-screenshot-2025-12-10-at-01-52-01.webp
https://njs8lijpclsnzha2.public.blob.vercel-storage.com/media/food-drink/manda-de-laos/9c391616-3e86-4015-9fc8-aa6fc6fdee69-screenshot-2025-12-10-at-01-52-12.webp,media/food-drink/manda-de-laos/9c391616-3e86-4015-9fc8-aa6fc6fdee69-screenshot-2025-12-10-at-01-52-12.webp,https://media.seawhere.com/media/food-drink/manda-de-laos/9c391616-3e86-4015-9fc8-aa6fc6fdee69-screenshot-2025-12-10-at-01-52-12.webp
https://njs8lijpclsnzha2.public.blob.vercel-storage.com/media/food-drink/red-bull-bar/27abd522-e3a4-49d5-83f7-ac451fffe17c-img_0679.png,media/food-drink/red-bull-bar/27abd522-e3a4-49d5-83f7-ac451fffe17c-img_0679.png,https://media.seawhere.com/media/food-drink/red-bull-bar/27abd522-e3a4-49d5-83f7-ac451fffe17c-img_0679.png
https://njs8lijpclsnzha2.public.blob.vercel-storage.com/media/sights/luang-prabang/alms-giving-ceremony/faa254aa-2cc7-407c-8048-b2d3a66935f1-alms-giving-ceremony-1.jpg,media/sights/luang-prabang/alms-giving-ceremony/faa254aa-2cc7-407c-8048-b2d3a66935f1-alms-giving-ceremony-1.jpg,https://media.seawhere.com/media/sights/luang-prabang/alms-giving-ceremony/faa254aa-2cc7-407c-8048-b2d3a66935f1-alms-giving-ceremony-1.jpg
https://njs8lijpclsnzha2.public.blob.vercel-storage.com/media/sights/luang-prabang/alms-giving-ceremony/1982b99a-26d9-4b0d-a368-5512ec35e00a-img-20190709-053434-largejpg.jpg,media/sights/luang-prabang/alms-giving-ceremony/1982b99a-26d9-4b0d-a368-5512ec35e00a-img-20190709-053434-largejpg.jpg,https://media.seawhere.com/media/sights/luang-prabang/alms-giving-ceremony/1982b99a-26d9-4b0d-a368-5512ec35e00a-img-20190709-053434-largejpg.jpg
https://njs8lijpclsnzha2.public.blob.vercel-storage.com/media/sights/luang-prabang/ban-chan-pottery/ac800f3a-8c13-46a7-bc10-8ce4b4d15f02-banpottery.webp,media/sights/luang-prabang/ban-chan-pottery/ac800f3a-8c13-46a7-bc10-8ce4b4d15f02-banpottery.webp,https://media.seawhere.com/media/sights/luang-prabang/ban-chan-pottery/ac800f3a-8c13-46a7-bc10-8ce4b4d15f02-banpottery.webp
https://njs8lijpclsnzha2.public.blob.vercel-storage.com/media/sights/luang-prabang/bear-rescue-center/dbbab962-d070-406f-bad5-758c2efbeb3e-laos_sanctuary_a_1024x1024.webp,media/sights/luang-prabang/bear-rescue-center/dbbab962-d070-406f-bad5-758c2efbeb3e-laos_sanctuary_a_1024x1024.webp,https://media.seawhere.com/media/sights/luang-prabang/bear-rescue-center/dbbab962-d070-406f-bad5-758c2efbeb3e-laos_sanctuary_a_1024x1024.webp
https://njs8lijpclsnzha2.public.blob.vercel-storage.com/media/destinations/vang-vieng/7bc47270-7b20-4dfc-b527-80c4680fb252-vang-vieng.png,media/destinations/vang-vieng/7bc47270-7b20-4dfc-b527-80c4680fb252-vang-vieng.png,https://media.seawhere.com/media/destinations/vang-vieng/7bc47270-7b20-4dfc-b527-80c4680fb252-vang-vieng.png
https://njs8lijpclsnzha2.public.blob.vercel-storage.com/media/destinations/luang-prabang/43c081d5-dc55-4247-934d-9859607348cc-lpb-temple.png,media/destinations/luang-prabang/43c081d5-dc55-4247-934d-9859607348cc-lpb-temple.png,https://media.seawhere.com/media/destinations/luang-prabang/43c081d5-dc55-4247-934d-9859607348cc-lpb-temple.png
https://njs8lijpclsnzha2.public.blob.vercel-storage.com/media/sights/luang-prabang/big-brother-mouse/ff9d7dfc-3ab1-4025-87f1-03338bc41bcb-bbm.webp,media/sights/luang-prabang/big-brother-mouse/ff9d7dfc-3ab1-4025-87f1-03338bc41bcb-bbm.webp,https://media.seawhere.com/media/sights/luang-prabang/big-brother-mouse/ff9d7dfc-3ab1-4025-87f1-03338bc41bcb-bbm.webp
https://njs8lijpclsnzha2.public.blob.vercel-storage.com/media/sights/luang-prabang/ban-xanghai/7b2101af-2160-4589-adee-645dcf009dde-banxanghai.webp,media/sights/luang-prabang/ban-xanghai/7b2101af-2160-4589-adee-645dcf009dde-banxanghai.webp,https://media.seawhere.com/media/sights/luang-prabang/ban-xanghai/7b2101af-2160-4589-adee-645dcf009dde-banxanghai.webp
https://njs8lijpclsnzha2.public.blob.vercel-storage.com/media/sights/luang-prabang/kuang-si-waterfall/4eef0386-e605-479d-b32e-35059db4787c-kuangsi.jpeg,media/sights/luang-prabang/kuang-si-waterfall/4eef0386-e605-479d-b32e-35059db4787c-kuangsi.jpeg,https://media.seawhere.com/media/sights/luang-prabang/kuang-si-waterfall/4eef0386-e605-479d-b32e-35059db4787c-kuangsi.jpeg
https://njs8lijpclsnzha2.public.blob.vercel-storage.com/media/sights/luang-prabang/ban-xanghai/e611f61f-a47b-480b-8aa7-6c736168959d-banxanghai2.jpg,media/sights/luang-prabang/ban-xanghai/e611f61f-a47b-480b-8aa7-6c736168959d-banxanghai2.jpg,https://media.seawhere.com/media/sights/luang-prabang/ban-xanghai/e611f61f-a47b-480b-8aa7-6c736168959d-banxanghai2.jpg
https://njs8lijpclsnzha2.public.blob.vercel-storage.com/media/sights/luang-prabang/luang-prabang-night-market/0695d5a4-4982-4851-8b4f-770ea480843c-lpbnm.jpg,media/sights/luang-prabang/luang-prabang-night-market/0695d5a4-4982-4851-8b4f-770ea480843c-lpbnm.jpg,https://media.seawhere.com/media/sights/luang-prabang/luang-prabang-night-market/0695d5a4-4982-4851-8b4f-770ea480843c-lpbnm.jpg
https://njs8lijpclsnzha2.public.blob.vercel-storage.com/media/sights/luang-prabang/kuang-si-waterfall/5199b13f-766f-453b-b1f0-764c255aa80f-img_1673.webp,media/sights/luang-prabang/kuang-si-waterfall/5199b13f-766f-453b-b1f0-764c255aa80f-img_1673.webp,https://media.seawhere.com/media/sights/luang-prabang/kuang-si-waterfall/5199b13f-766f-453b-b1f0-764c255aa80f-img_1673.webp
https://njs8lijpclsnzha2.public.blob.vercel-storage.com/media/sights/luang-prabang/mekong-river-cruise/104f2dfa-aba7-4bbe-87f5-b43f509d3d11-riverc3.webp,media/sights/luang-prabang/mekong-river-cruise/104f2dfa-aba7-4bbe-87f5-b43f509d3d11-riverc3.webp,https://media.seawhere.com/media/sights/luang-prabang/mekong-river-cruise/104f2dfa-aba7-4bbe-87f5-b43f509d3d11-riverc3.webp
https://njs8lijpclsnzha2.public.blob.vercel-storage.com/media/sights/luang-prabang/kuang-si-waterfall/a3bf2c22-91c3-4239-b737-b25ae565f6ae-img_1662.webp,media/sights/luang-prabang/kuang-si-waterfall/a3bf2c22-91c3-4239-b737-b25ae565f6ae-img_1662.webp,https://media.seawhere.com/media/sights/luang-prabang/kuang-si-waterfall/a3bf2c22-91c3-4239-b737-b25ae565f6ae-img_1662.webp
https://njs8lijpclsnzha2.public.blob.vercel-storage.com/media/sights/luang-prabang/elephant-village-sanctuary/18855d57-9cf8-4e30-8f3e-63b66d2c19e7-elephantvillage.jpg,media/sights/luang-prabang/elephant-village-sanctuary/18855d57-9cf8-4e30-8f3e-63b66d2c19e7-elephantvillage.jpg,https://media.seawhere.com/media/sights/luang-prabang/elephant-village-sanctuary/18855d57-9cf8-4e30-8f3e-63b66d2c19e7-elephantvillage.jpg
https://njs8lijpclsnzha2.public.blob.vercel-storage.com/media/sights/luang-prabang/mekong-river-cruise/687fb70b-2d9b-433a-bf73-c3d6d3df74a6-riverc2.webp,media/sights/luang-prabang/mekong-river-cruise/687fb70b-2d9b-433a-bf73-c3d6d3df74a6-riverc2.webp,https://media.seawhere.com/media/sights/luang-prabang/mekong-river-cruise/687fb70b-2d9b-433a-bf73-c3d6d3df74a6-riverc2.webp
https://njs8lijpclsnzha2.public.blob.vercel-storage.com/media/sights/luang-prabang/mekong-river-cruise/4fb14505-1de8-441c-9911-8501cc8b2967-rivercruise.webp,media/sights/luang-prabang/mekong-river-cruise/4fb14505-1de8-441c-9911-8501cc8b2967-rivercruise.webp,https://media.seawhere.com/media/sights/luang-prabang/mekong-river-cruise/4fb14505-1de8-441c-9911-8501cc8b2967-rivercruise.webp
https://njs8lijpclsnzha2.public.blob.vercel-storage.com/media/sights/luang-prabang/luang-prabang-night-market/c795e499-ea2c-4db9-b2df-3a1d862f41c7-lpbnm2.jpg,media/sights/luang-prabang/luang-prabang-night-market/c795e499-ea2c-4db9-b2df-3a1d862f41c7-lpbnm2.jpg,https://media.seawhere.com/media/sights/luang-prabang/luang-prabang-night-market/c795e499-ea2c-4db9-b2df-3a1d862f41c7-lpbnm2.jpg
https://njs8lijpclsnzha2.public.blob.vercel-storage.com/media/sights/luang-prabang/mount-phousi/4b401dbf-d279-4c13-817a-39a5516a244d-phousi4.jpg,media/sights/luang-prabang/mount-phousi/4b401dbf-d279-4c13-817a-39a5516a244d-phousi4.jpg,https://media.seawhere.com/media/sights/luang-prabang/mount-phousi/4b401dbf-d279-4c13-817a-39a5516a244d-phousi4.jpg
https://njs8lijpclsnzha2.public.blob.vercel-storage.com/media/sights/luang-prabang/mount-phousi/8ddd9805-a94d-4932-9c61-35c9e966c979-phousi2.jpg,media/sights/luang-prabang/mount-phousi/8ddd9805-a94d-4932-9c61-35c9e966c979-phousi2.jpg,https://media.seawhere.com/media/sights/luang-prabang/mount-phousi/8ddd9805-a94d-4932-9c61-35c9e966c979-phousi2.jpg
https://njs8lijpclsnzha2.public.blob.vercel-storage.com/media/sights/luang-prabang/morning-market-lpb/4fe99184-eec3-4e2d-ba1a-8979c4e8f086-luang-prabang-morning-market-2.webp,media/sights/luang-prabang/morning-market-lpb/4fe99184-eec3-4e2d-ba1a-8979c4e8f086-luang-prabang-morning-market-2.webp,https://media.seawhere.com/media/sights/luang-prabang/morning-market-lpb/4fe99184-eec3-4e2d-ba1a-8979c4e8f086-luang-prabang-morning-market-2.webp
https://njs8lijpclsnzha2.public.blob.vercel-storage.com/media/sights/luang-prabang/old-quarter-lpb/ee9d084e-9261-4a40-867f-667b20cb0f92-lpboldt.webp,media/sights/luang-prabang/old-quarter-lpb/ee9d084e-9261-4a40-867f-667b20cb0f92-lpboldt.webp,https://media.seawhere.com/media/sights/luang-prabang/old-quarter-lpb/ee9d084e-9261-4a40-867f-667b20cb0f92-lpboldt.webp
https://njs8lijpclsnzha2.public.blob.vercel-storage.com/media/sights/luang-prabang/mount-phousi/93f5f5cd-dbcf-464b-983a-1d371f155c42-phousi3.webp,media/sights/luang-prabang/mount-phousi/93f5f5cd-dbcf-464b-983a-1d371f155c42-phousi3.webp,https://media.seawhere.com/media/sights/luang-prabang/mount-phousi/93f5f5cd-dbcf-464b-983a-1d371f155c42-phousi3.webp
https://njs8lijpclsnzha2.public.blob.vercel-storage.com/media/sights/luang-prabang/mount-phousi/5d371804-b1af-46e0-be80-bbd43bafd93b-phousi.jpg,media/sights/luang-prabang/mount-phousi/5d371804-b1af-46e0-be80-bbd43bafd93b-phousi.jpg,https://media.seawhere.com/media/sights/luang-prabang/mount-phousi/5d371804-b1af-46e0-be80-bbd43bafd93b-phousi.jpg
https://njs8lijpclsnzha2.public.blob.vercel-storage.com/media/sights/luang-prabang/pak-ou-caves/76f05dcd-4d42-461e-8c0b-55c4e548dc65-pakou.webp,media/sights/luang-prabang/pak-ou-caves/76f05dcd-4d42-461e-8c0b-55c4e548dc65-pakou.webp,https://media.seawhere.com/media/sights/luang-prabang/pak-ou-caves/76f05dcd-4d42-461e-8c0b-55c4e548dc65-pakou.webp
https://njs8lijpclsnzha2.public.blob.vercel-storage.com/media/sights/luang-prabang/pak-ou-caves/0677baeb-f822-46cb-9b6e-759e56dca1e2-pakou3.webp,media/sights/luang-prabang/pak-ou-caves/0677baeb-f822-46cb-9b6e-759e56dca1e2-pakou3.webp,https://media.seawhere.com/media/sights/luang-prabang/pak-ou-caves/0677baeb-f822-46cb-9b6e-759e56dca1e2-pakou3.webp
https://njs8lijpclsnzha2.public.blob.vercel-storage.com/media/sights/luang-prabang/royal-palace-museum/b0db78d4-b6b5-4541-a825-10a949ee9838-luang-prabang-royal-palace-museum3-copy.jpg,media/sights/luang-prabang/royal-palace-museum/b0db78d4-b6b5-4541-a825-10a949ee9838-luang-prabang-royal-palace-museum3-copy.jpg,https://media.seawhere.com/media/sights/luang-prabang/royal-palace-museum/b0db78d4-b6b5-4541-a825-10a949ee9838-luang-prabang-royal-palace-museum3-copy.jpg
https://njs8lijpclsnzha2.public.blob.vercel-storage.com/media/sights/luang-prabang/pak-ou-caves/a489a108-897b-4744-8705-2fecd3c1d603-pakou2.webp,media/sights/luang-prabang/pak-ou-caves/a489a108-897b-4744-8705-2fecd3c1d603-pakou2.webp,https://media.seawhere.com/media/sights/luang-prabang/pak-ou-caves/a489a108-897b-4744-8705-2fecd3c1d603-pakou2.webp
https://njs8lijpclsnzha2.public.blob.vercel-storage.com/media/sights/luang-prabang/phosy-market/6ac87892-3af7-46be-902f-aa1ed8d34ae2-phosi-market-5.jpg,media/sights/luang-prabang/phosy-market/6ac87892-3af7-46be-902f-aa1ed8d34ae2-phosi-market-5.jpg,https://media.seawhere.com/media/sights/luang-prabang/phosy-market/6ac87892-3af7-46be-902f-aa1ed8d34ae2-phosi-market-5.jpg
https://njs8lijpclsnzha2.public.blob.vercel-storage.com/media/sights/luang-prabang/uxo-laos-visitor-centre/27c05a11-9ec0-4fb9-a14a-5f08d06fe4f4-img_0612.jpeg,media/sights/luang-prabang/uxo-laos-visitor-centre/27c05a11-9ec0-4fb9-a14a-5f08d06fe4f4-img_0612.jpeg,https://media.seawhere.com/media/sights/luang-prabang/uxo-laos-visitor-centre/27c05a11-9ec0-4fb9-a14a-5f08d06fe4f4-img_0612.jpeg
https://njs8lijpclsnzha2.public.blob.vercel-storage.com/media/sights/vang-vieng/blue-lagoon-3/404a1f30-9710-417e-a09a-7406dcbaff71-bluelagoon3.jpg,media/sights/vang-vieng/blue-lagoon-3/404a1f30-9710-417e-a09a-7406dcbaff71-bluelagoon3.jpg,https://media.seawhere.com/media/sights/vang-vieng/blue-lagoon-3/404a1f30-9710-417e-a09a-7406dcbaff71-bluelagoon3.jpg
https://njs8lijpclsnzha2.public.blob.vercel-storage.com/media/sights/luang-prabang/old-quarter-lpb/34153dbb-ad7f-4bf3-8a3f-350831ca76b1-lpbot2.webp,media/sights/luang-prabang/old-quarter-lpb/34153dbb-ad7f-4bf3-8a3f-350831ca76b1-lpbot2.webp,https://media.seawhere.com/media/sights/luang-prabang/old-quarter-lpb/34153dbb-ad7f-4bf3-8a3f-350831ca76b1-lpbot2.webp
https://njs8lijpclsnzha2.public.blob.vercel-storage.com/media/sights/vang-vieng/nam-xay-viewpoint/38f6ebf0-99cc-422a-8b32-29440dd56cdd-nam-xay-viewpoint.jpg,media/sights/vang-vieng/nam-xay-viewpoint/38f6ebf0-99cc-422a-8b32-29440dd56cdd-nam-xay-viewpoint.jpg,https://media.seawhere.com/media/sights/vang-vieng/nam-xay-viewpoint/38f6ebf0-99cc-422a-8b32-29440dd56cdd-nam-xay-viewpoint.jpg
https://njs8lijpclsnzha2.public.blob.vercel-storage.com/media/trips/hero/afeb4d9b-f8df-4250-9975-4dcd9ae22fca-riverc2.webp,media/trips/hero/afeb4d9b-f8df-4250-9975-4dcd9ae22fca-riverc2.webp,https://media.seawhere.com/media/trips/hero/afeb4d9b-f8df-4250-9975-4dcd9ae22fca-riverc2.webp
https://njs8lijpclsnzha2.public.blob.vercel-storage.com/media/sights/vang-vieng/blue-lagoon-4/ede2c199-94ad-423e-b1c4-6af4396e603f-bluelagoon4.webp,media/sights/vang-vieng/blue-lagoon-4/ede2c199-94ad-423e-b1c4-6af4396e603f-bluelagoon4.webp,https://media.seawhere.com/media/sights/vang-vieng/blue-lagoon-4/ede2c199-94ad-423e-b1c4-6af4396e603f-bluelagoon4.webp
https://njs8lijpclsnzha2.public.blob.vercel-storage.com/media/accommodation/1757140425829-onetokyo.jpg,media/accommodation/1757140425829-onetokyo.jpg,https://media.seawhere.com/media/accommodation/1757140425829-onetokyo.jpg
https://njs8lijpclsnzha2.public.blob.vercel-storage.com/media/accommodation/1757490026064-sdr_33.jpg,media/accommodation/1757490026064-sdr_33.jpg,https://media.seawhere.com/media/accommodation/1757490026064-sdr_33.jpg
https://njs8lijpclsnzha2.public.blob.vercel-storage.com/media/accommodation/1757140413948-sdr_33.jpg,media/accommodation/1757140413948-sdr_33.jpg,https://media.seawhere.com/media/accommodation/1757140413948-sdr_33.jpg
https://njs8lijpclsnzha2.public.blob.vercel-storage.com/media/accommodation/1757490040223-onetokyo.jpg,media/accommodation/1757490040223-onetokyo.jpg,https://media.seawhere.com/media/accommodation/1757490040223-onetokyo.jpg
https://njs8lijpclsnzha2.public.blob.vercel-storage.com/media/accommodation/1757490013320-onetokyo.jpg,media/accommodation/1757490013320-onetokyo.jpg,https://media.seawhere.com/media/accommodation/1757490013320-onetokyo.jpg
https://njs8lijpclsnzha2.public.blob.vercel-storage.com/media/accommodation/1757490224673-top_access_map.jpg,media/accommodation/1757490224673-top_access_map.jpg,https://media.seawhere.com/media/accommodation/1757490224673-top_access_map.jpg
https://njs8lijpclsnzha2.public.blob.vercel-storage.com/media/accommodation/1758016756156-4f6f08bb3245a33a6857dd7b585943492c47c7c60561bc82.avif,media/accommodation/1758016756156-4f6f08bb3245a33a6857dd7b585943492c47c7c60561bc82.avif,https://media.seawhere.com/media/accommodation/1758016756156-4f6f08bb3245a33a6857dd7b585943492c47c7c60561bc82.avif
https://njs8lijpclsnzha2.public.blob.vercel-storage.com/media/accommodation/1757490221456-sdr_31.jpg,media/accommodation/1757490221456-sdr_31.jpg,https://media.seawhere.com/media/accommodation/1757490221456-sdr_31.jpg
https://njs8lijpclsnzha2.public.blob.vercel-storage.com/media/accommodation/1758529983821-a69af850d606409c8c82173f560b9a27.webp,media/accommodation/1758529983821-a69af850d606409c8c82173f560b9a27.webp,https://media.seawhere.com/media/accommodation/1758529983821-a69af850d606409c8c82173f560b9a27.webp
https://njs8lijpclsnzha2.public.blob.vercel-storage.com/media/accommodation/1758530003110-a69af850d606409c8c82173f560b9a27.webp,media/accommodation/1758530003110-a69af850d606409c8c82173f560b9a27.webp,https://media.seawhere.com/media/accommodation/1758530003110-a69af850d606409c8c82173f560b9a27.webp
https://njs8lijpclsnzha2.public.blob.vercel-storage.com/media/accommodation/1757490262421-sdr_50.jpg,media/accommodation/1757490262421-sdr_50.jpg,https://media.seawhere.com/media/accommodation/1757490262421-sdr_50.jpg
https://njs8lijpclsnzha2.public.blob.vercel-storage.com/media/accommodation/1758530010157-be70ef68fd674bb0bc1c79eecfee2612.webp,media/accommodation/1758530010157-be70ef68fd674bb0bc1c79eecfee2612.webp,https://media.seawhere.com/media/accommodation/1758530010157-be70ef68fd674bb0bc1c79eecfee2612.webp
https://njs8lijpclsnzha2.public.blob.vercel-storage.com/media/accommodation/1758530007193-9bda686855cf4d1e9dde5021c55e923f.webp,media/accommodation/1758530007193-9bda686855cf4d1e9dde5021c55e923f.webp,https://media.seawhere.com/media/accommodation/1758530007193-9bda686855cf4d1e9dde5021c55e923f.webp
https://njs8lijpclsnzha2.public.blob.vercel-storage.com/media/accommodation/1758530005115-efd2b87dd7534ff0850b0cbe588642c9.webp,media/accommodation/1758530005115-efd2b87dd7534ff0850b0cbe588642c9.webp,https://media.seawhere.com/media/accommodation/1758530005115-efd2b87dd7534ff0850b0cbe588642c9.webp
https://njs8lijpclsnzha2.public.blob.vercel-storage.com/media/accommodation/1758530012747-a69af850d606409c8c82173f560b9a27.webp,media/accommodation/1758530012747-a69af850d606409c8c82173f560b9a27.webp,https://media.seawhere.com/media/accommodation/1758530012747-a69af850d606409c8c82173f560b9a27.webp
https://njs8lijpclsnzha2.public.blob.vercel-storage.com/media/accommodation/1758530188224-a69af850d606409c8c82173f560b9a27.webp,media/accommodation/1758530188224-a69af850d606409c8c82173f560b9a27.webp,https://media.seawhere.com/media/accommodation/1758530188224-a69af850d606409c8c82173f560b9a27.webp
https://njs8lijpclsnzha2.public.blob.vercel-storage.com/media/accommodation/1758530191519-be70ef68fd674bb0bc1c79eecfee2612.webp,media/accommodation/1758530191519-be70ef68fd674bb0bc1c79eecfee2612.webp,https://media.seawhere.com/media/accommodation/1758530191519-be70ef68fd674bb0bc1c79eecfee2612.webp
https://njs8lijpclsnzha2.public.blob.vercel-storage.com/media/accommodation/1758530193317-9bda686855cf4d1e9dde5021c55e923f.webp,media/accommodation/1758530193317-9bda686855cf4d1e9dde5021c55e923f.webp,https://media.seawhere.com/media/accommodation/1758530193317-9bda686855cf4d1e9dde5021c55e923f.webp
https://njs8lijpclsnzha2.public.blob.vercel-storage.com/media/accommodation/1758530195720-efd2b87dd7534ff0850b0cbe588642c9.webp,media/accommodation/1758530195720-efd2b87dd7534ff0850b0cbe588642c9.webp,https://media.seawhere.com/media/accommodation/1758530195720-efd2b87dd7534ff0850b0cbe588642c9.webp
https://njs8lijpclsnzha2.public.blob.vercel-storage.com/media/accommodation/1758530332310-a69af850d606409c8c82173f560b9a27.webp,media/accommodation/1758530332310-a69af850d606409c8c82173f560b9a27.webp,https://media.seawhere.com/media/accommodation/1758530332310-a69af850d606409c8c82173f560b9a27.webp
https://njs8lijpclsnzha2.public.blob.vercel-storage.com/media/accommodation/1758530325016-a69af850d606409c8c82173f560b9a27.webp,media/accommodation/1758530325016-a69af850d606409c8c82173f560b9a27.webp,https://media.seawhere.com/media/accommodation/1758530325016-a69af850d606409c8c82173f560b9a27.webp
https://njs8lijpclsnzha2.public.blob.vercel-storage.com/media/accommodation/residence-boutique-hotel/21c64917-1491-4119-8982-e263b9298208-residence-boutique-hotel-luang-prabang-pic-7.jpeg,media/accommodation/residence-boutique-hotel/21c64917-1491-4119-8982-e263b9298208-residence-boutique-hotel-luang-prabang-pic-7.jpeg,https://media.seawhere.com/media/accommodation/residence-boutique-hotel/21c64917-1491-4119-8982-e263b9298208-residence-boutique-hotel-luang-prabang-pic-7.jpeg
https://njs8lijpclsnzha2.public.blob.vercel-storage.com/media/accommodation/residence-boutique-hotel/29fe6a07-5fc7-4894-8694-b9443059e145-residence-boutique-hotel-luang-prabang-pic-1.jpeg,media/accommodation/residence-boutique-hotel/29fe6a07-5fc7-4894-8694-b9443059e145-residence-boutique-hotel-luang-prabang-pic-1.jpeg,https://media.seawhere.com/media/accommodation/residence-boutique-hotel/29fe6a07-5fc7-4894-8694-b9443059e145-residence-boutique-hotel-luang-prabang-pic-1.jpeg
https://njs8lijpclsnzha2.public.blob.vercel-storage.com/media/accommodation/eastin-grand-sathorn/75aeb01a-4b75-4996-8328-7194367e7682-canon-4212-a-a-a-a-a.jpg,media/accommodation/eastin-grand-sathorn/75aeb01a-4b75-4996-8328-7194367e7682-canon-4212-a-a-a-a-a.jpg,https://media.seawhere.com/media/accommodation/eastin-grand-sathorn/75aeb01a-4b75-4996-8328-7194367e7682-canon-4212-a-a-a-a-a.jpg
https://njs8lijpclsnzha2.public.blob.vercel-storage.com/media/accommodation/residence-boutique-hotel/9c8b84b1-2895-4208-828e-c29144dd6fa1-residence-boutique-hotel-luang-prabang-pic-1.jpeg,media/accommodation/residence-boutique-hotel/9c8b84b1-2895-4208-828e-c29144dd6fa1-residence-boutique-hotel-luang-prabang-pic-1.jpeg,https://media.seawhere.com/media/accommodation/residence-boutique-hotel/9c8b84b1-2895-4208-828e-c29144dd6fa1-residence-boutique-hotel-luang-prabang-pic-1.jpeg
https://njs8lijpclsnzha2.public.blob.vercel-storage.com/media/accommodation/residence-boutique-hotel/ab5aa27b-89f0-4063-bcfa-4cfbbe8273da-residence-boutique-hotel-luang-prabang-pic-7.jpeg,media/accommodation/residence-boutique-hotel/ab5aa27b-89f0-4063-bcfa-4cfbbe8273da-residence-boutique-hotel-luang-prabang-pic-7.jpeg,https://media.seawhere.com/media/accommodation/residence-boutique-hotel/ab5aa27b-89f0-4063-bcfa-4cfbbe8273da-residence-boutique-hotel-luang-prabang-pic-7.jpeg
https://njs8lijpclsnzha2.public.blob.vercel-storage.com/media/accommodation/residence-boutique-hotel/b2443cf5-e65e-4481-ab96-bae6d8d1d997-residence-boutique-hotel-luang-prabang-pic-1.jpeg,media/accommodation/residence-boutique-hotel/b2443cf5-e65e-4481-ab96-bae6d8d1d997-residence-boutique-hotel-luang-prabang-pic-1.jpeg,https://media.seawhere.com/media/accommodation/residence-boutique-hotel/b2443cf5-e65e-4481-ab96-bae6d8d1d997-residence-boutique-hotel-luang-prabang-pic-1.jpeg
https://njs8lijpclsnzha2.public.blob.vercel-storage.com/media/accommodation/residence-boutique-hotel/df3d3563-0993-4665-965a-bab58d6bf1ab-residence-boutique-hotel-luang-prabang-pic-7.jpeg,media/accommodation/residence-boutique-hotel/df3d3563-0993-4665-965a-bab58d6bf1ab-residence-boutique-hotel-luang-prabang-pic-7.jpeg,https://media.seawhere.com/media/accommodation/residence-boutique-hotel/df3d3563-0993-4665-965a-bab58d6bf1ab-residence-boutique-hotel-luang-prabang-pic-7.jpeg
https://njs8lijpclsnzha2.public.blob.vercel-storage.com/media/day-itineraries/755cc8f1-0b83-498c-902b-6b6162300116-kuangsi.avif,media/day-itineraries/755cc8f1-0b83-498c-902b-6b6162300116-kuangsi.avif,https://media.seawhere.com/media/day-itineraries/755cc8f1-0b83-498c-902b-6b6162300116-kuangsi.avif
https://njs8lijpclsnzha2.public.blob.vercel-storage.com/media/destinations/bangkok/43a6b59b-521d-42f0-838b-58b4f70a447a-newfile-12.avif,media/destinations/bangkok/43a6b59b-521d-42f0-838b-58b4f70a447a-newfile-12.avif,https://media.seawhere.com/media/destinations/bangkok/43a6b59b-521d-42f0-838b-58b4f70a447a-newfile-12.avif
https://njs8lijpclsnzha2.public.blob.vercel-storage.com/media/destinations/chiang-mai/af41cd5d-846d-4e3c-bb1e-494d332977ed-cswglxpstphljdourpfu.jpg,media/destinations/chiang-mai/af41cd5d-846d-4e3c-bb1e-494d332977ed-cswglxpstphljdourpfu.jpg,https://media.seawhere.com/media/destinations/chiang-mai/af41cd5d-846d-4e3c-bb1e-494d332977ed-cswglxpstphljdourpfu.jpg
https://njs8lijpclsnzha2.public.blob.vercel-storage.com/media/destinations/da-nang/18dbc2e6-2cbe-4af1-b73a-2a1f6c39c83e-danang-beach.jpg,media/destinations/da-nang/18dbc2e6-2cbe-4af1-b73a-2a1f6c39c83e-danang-beach.jpg,https://media.seawhere.com/media/destinations/da-nang/18dbc2e6-2cbe-4af1-b73a-2a1f6c39c83e-danang-beach.jpg
https://njs8lijpclsnzha2.public.blob.vercel-storage.com/media/destinations/bangkok/d6cbe628-5141-40e6-a396-5ad97f4c2797-header_thailand_winter.avif,media/destinations/bangkok/d6cbe628-5141-40e6-a396-5ad97f4c2797-header_thailand_winter.avif,https://media.seawhere.com/media/destinations/bangkok/d6cbe628-5141-40e6-a396-5ad97f4c2797-header_thailand_winter.avif
https://njs8lijpclsnzha2.public.blob.vercel-storage.com/media/destinations/da-nang/605292f4-76cc-4d30-8217-6ad6007dfde9-danang.webp,media/destinations/da-nang/605292f4-76cc-4d30-8217-6ad6007dfde9-danang.webp,https://media.seawhere.com/media/destinations/da-nang/605292f4-76cc-4d30-8217-6ad6007dfde9-danang.webp
https://njs8lijpclsnzha2.public.blob.vercel-storage.com/media/destinations/hanoi/041aeb45-e7fb-430b-b7e1-e33da9d6067e-hanoi.webp,media/destinations/hanoi/041aeb45-e7fb-430b-b7e1-e33da9d6067e-hanoi.webp,https://media.seawhere.com/media/destinations/hanoi/041aeb45-e7fb-430b-b7e1-e33da9d6067e-hanoi.webp
https://njs8lijpclsnzha2.public.blob.vercel-storage.com/media/destinations/luang-prabang/c1ad7ba6-d800-475c-998d-e7aa2118e79c-luang-prabang-old-quarter-street-2.webp,media/destinations/luang-prabang/c1ad7ba6-d800-475c-998d-e7aa2118e79c-luang-prabang-old-quarter-street-2.webp,https://media.seawhere.com/media/destinations/luang-prabang/c1ad7ba6-d800-475c-998d-e7aa2118e79c-luang-prabang-old-quarter-street-2.webp
https://njs8lijpclsnzha2.public.blob.vercel-storage.com/media/food-drink/la-cantina/d30de331-948b-457d-b923-fde1c213bc83-lacantina.jpg,media/food-drink/la-cantina/d30de331-948b-457d-b923-fde1c213bc83-lacantina.jpg,https://media.seawhere.com/media/food-drink/la-cantina/d30de331-948b-457d-b923-fde1c213bc83-lacantina.jpg
https://njs8lijpclsnzha2.public.blob.vercel-storage.com/media/food-drink/manda-de-laos/258c3936-8ec2-42bf-a78a-bf930307b4b6-screenshot-2025-12-10-at-01-52-12.webp,media/food-drink/manda-de-laos/258c3936-8ec2-42bf-a78a-bf930307b4b6-screenshot-2025-12-10-at-01-52-12.webp,https://media.seawhere.com/media/food-drink/manda-de-laos/258c3936-8ec2-42bf-a78a-bf930307b4b6-screenshot-2025-12-10-at-01-52-12.webp
https://njs8lijpclsnzha2.public.blob.vercel-storage.com/media/destinations/siem-reap/4f49ae36-2e05-4de7-b9cf-6cb410d948a6-0927-0723_siemreap.webp,media/destinations/siem-reap/4f49ae36-2e05-4de7-b9cf-6cb410d948a6-0927-0723_siemreap.webp,https://media.seawhere.com/media/destinations/siem-reap/4f49ae36-2e05-4de7-b9cf-6cb410d948a6-0927-0723_siemreap.webp
https://njs8lijpclsnzha2.public.blob.vercel-storage.com/media/destinations/vang-vieng/7bc47270-7b20-4dfc-b527-80c4680fb252-vang-vieng.png,media/destinations/vang-vieng/7bc47270-7b20-4dfc-b527-80c4680fb252-vang-vieng.png,https://media.seawhere.com/media/destinations/vang-vieng/7bc47270-7b20-4dfc-b527-80c4680fb252-vang-vieng.png
https://njs8lijpclsnzha2.public.blob.vercel-storage.com/media/food-drink/manda-de-laos/4ba10325-7d42-47f2-aa76-8e7475a1692d-screenshot-2025-12-10-at-01-52-01.webp,media/food-drink/manda-de-laos/4ba10325-7d42-47f2-aa76-8e7475a1692d-screenshot-2025-12-10-at-01-52-01.webp,https://media.seawhere.com/media/food-drink/manda-de-laos/4ba10325-7d42-47f2-aa76-8e7475a1692d-screenshot-2025-12-10-at-01-52-01.webp
https://njs8lijpclsnzha2.public.blob.vercel-storage.com/media/food-drink/manda-de-laos/9c391616-3e86-4015-9fc8-aa6fc6fdee69-screenshot-2025-12-10-at-01-52-12.webp,media/food-drink/manda-de-laos/9c391616-3e86-4015-9fc8-aa6fc6fdee69-screenshot-2025-12-10-at-01-52-12.webp,https://media.seawhere.com/media/food-drink/manda-de-laos/9c391616-3e86-4015-9fc8-aa6fc6fdee69-screenshot-2025-12-10-at-01-52-12.webp
https://njs8lijpclsnzha2.public.blob.vercel-storage.com/media/food-drink/manda-de-laos/8fc4add9-69dc-4476-a605-46984fafe116-screenshot-2025-12-10-at-01-52-01.webp,media/food-drink/manda-de-laos/8fc4add9-69dc-4476-a605-46984fafe116-screenshot-2025-12-10-at-01-52-01.webp,https://media.seawhere.com/media/food-drink/manda-de-laos/8fc4add9-69dc-4476-a605-46984fafe116-screenshot-2025-12-10-at-01-52-01.webp
https://njs8lijpclsnzha2.public.blob.vercel-storage.com/media/sights/luang-prabang/alms-giving-ceremony/1982b99a-26d9-4b0d-a368-5512ec35e00a-img-20190709-053434-largejpg.jpg,media/sights/luang-prabang/alms-giving-ceremony/1982b99a-26d9-4b0d-a368-5512ec35e00a-img-20190709-053434-largejpg.jpg,https://media.seawhere.com/media/sights/luang-prabang/alms-giving-ceremony/1982b99a-26d9-4b0d-a368-5512ec35e00a-img-20190709-053434-largejpg.jpg
https://njs8lijpclsnzha2.public.blob.vercel-storage.com/media/destinations/luang-prabang/43c081d5-dc55-4247-934d-9859607348cc-lpb-temple.png,media/destinations/luang-prabang/43c081d5-dc55-4247-934d-9859607348cc-lpb-temple.png,https://media.seawhere.com/media/destinations/luang-prabang/43c081d5-dc55-4247-934d-9859607348cc-lpb-temple.png
https://njs8lijpclsnzha2.public.blob.vercel-storage.com/media/sights/luang-prabang/alms-giving-ceremony/faa254aa-2cc7-407c-8048-b2d3a66935f1-alms-giving-ceremony-1.jpg,media/sights/luang-prabang/alms-giving-ceremony/faa254aa-2cc7-407c-8048-b2d3a66935f1-alms-giving-ceremony-1.jpg,https://media.seawhere.com/media/sights/luang-prabang/alms-giving-ceremony/faa254aa-2cc7-407c-8048-b2d3a66935f1-alms-giving-ceremony-1.jpg
https://njs8lijpclsnzha2.public.blob.vercel-storage.com/media/food-drink/red-bull-bar/27abd522-e3a4-49d5-83f7-ac451fffe17c-img_0679.png,media/food-drink/red-bull-bar/27abd522-e3a4-49d5-83f7-ac451fffe17c-img_0679.png,https://media.seawhere.com/media/food-drink/red-bull-bar/27abd522-e3a4-49d5-83f7-ac451fffe17c-img_0679.png
https://njs8lijpclsnzha2.public.blob.vercel-storage.com/media/sights/luang-prabang/ban-chan-pottery/ac800f3a-8c13-46a7-bc10-8ce4b4d15f02-banpottery.webp,media/sights/luang-prabang/ban-chan-pottery/ac800f3a-8c13-46a7-bc10-8ce4b4d15f02-banpottery.webp,https://media.seawhere.com/media/sights/luang-prabang/ban-chan-pottery/ac800f3a-8c13-46a7-bc10-8ce4b4d15f02-banpottery.webp
https://njs8lijpclsnzha2.public.blob.vercel-storage.com/media/sights/luang-prabang/ban-xanghai/7b2101af-2160-4589-adee-645dcf009dde-banxanghai.webp,media/sights/luang-prabang/ban-xanghai/7b2101af-2160-4589-adee-645dcf009dde-banxanghai.webp,https://media.seawhere.com/media/sights/luang-prabang/ban-xanghai/7b2101af-2160-4589-adee-645dcf009dde-banxanghai.webp
https://njs8lijpclsnzha2.public.blob.vercel-storage.com/media/sights/luang-prabang/bear-rescue-center/dbbab962-d070-406f-bad5-758c2efbeb3e-laos_sanctuary_a_1024x1024.webp,media/sights/luang-prabang/bear-rescue-center/dbbab962-d070-406f-bad5-758c2efbeb3e-laos_sanctuary_a_1024x1024.webp,https://media.seawhere.com/media/sights/luang-prabang/bear-rescue-center/dbbab962-d070-406f-bad5-758c2efbeb3e-laos_sanctuary_a_1024x1024.webp
https://njs8lijpclsnzha2.public.blob.vercel-storage.com/media/sights/luang-prabang/big-brother-mouse/ff9d7dfc-3ab1-4025-87f1-03338bc41bcb-bbm.webp,media/sights/luang-prabang/big-brother-mouse/ff9d7dfc-3ab1-4025-87f1-03338bc41bcb-bbm.webp,https://media.seawhere.com/media/sights/luang-prabang/big-brother-mouse/ff9d7dfc-3ab1-4025-87f1-03338bc41bcb-bbm.webp
https://njs8lijpclsnzha2.public.blob.vercel-storage.com/media/sights/luang-prabang/ban-xanghai/e611f61f-a47b-480b-8aa7-6c736168959d-banxanghai2.jpg,media/sights/luang-prabang/ban-xanghai/e611f61f-a47b-480b-8aa7-6c736168959d-banxanghai2.jpg,https://media.seawhere.com/media/sights/luang-prabang/ban-xanghai/e611f61f-a47b-480b-8aa7-6c736168959d-banxanghai2.jpg
https://njs8lijpclsnzha2.public.blob.vercel-storage.com/media/sights/luang-prabang/kuang-si-waterfall/4eef0386-e605-479d-b32e-35059db4787c-kuangsi.jpeg,media/sights/luang-prabang/kuang-si-waterfall/4eef0386-e605-479d-b32e-35059db4787c-kuangsi.jpeg,https://media.seawhere.com/media/sights/luang-prabang/kuang-si-waterfall/4eef0386-e605-479d-b32e-35059db4787c-kuangsi.jpeg
https://njs8lijpclsnzha2.public.blob.vercel-storage.com/media/sights/luang-prabang/elephant-village-sanctuary/18855d57-9cf8-4e30-8f3e-63b66d2c19e7-elephantvillage.jpg,media/sights/luang-prabang/elephant-village-sanctuary/18855d57-9cf8-4e30-8f3e-63b66d2c19e7-elephantvillage.jpg,https://media.seawhere.com/media/sights/luang-prabang/elephant-village-sanctuary/18855d57-9cf8-4e30-8f3e-63b66d2c19e7-elephantvillage.jpg
https://njs8lijpclsnzha2.public.blob.vercel-storage.com/media/sights/luang-prabang/kuang-si-waterfall/5199b13f-766f-453b-b1f0-764c255aa80f-img_1673.webp,media/sights/luang-prabang/kuang-si-waterfall/5199b13f-766f-453b-b1f0-764c255aa80f-img_1673.webp,https://media.seawhere.com/media/sights/luang-prabang/kuang-si-waterfall/5199b13f-766f-453b-b1f0-764c255aa80f-img_1673.webp
https://njs8lijpclsnzha2.public.blob.vercel-storage.com/media/sights/luang-prabang/kuang-si-waterfall/a3bf2c22-91c3-4239-b737-b25ae565f6ae-img_1662.webp,media/sights/luang-prabang/kuang-si-waterfall/a3bf2c22-91c3-4239-b737-b25ae565f6ae-img_1662.webp,https://media.seawhere.com/media/sights/luang-prabang/kuang-si-waterfall/a3bf2c22-91c3-4239-b737-b25ae565f6ae-img_1662.webp
https://njs8lijpclsnzha2.public.blob.vercel-storage.com/media/sights/luang-prabang/luang-prabang-night-market/0695d5a4-4982-4851-8b4f-770ea480843c-lpbnm.jpg,media/sights/luang-prabang/luang-prabang-night-market/0695d5a4-4982-4851-8b4f-770ea480843c-lpbnm.jpg,https://media.seawhere.com/media/sights/luang-prabang/luang-prabang-night-market/0695d5a4-4982-4851-8b4f-770ea480843c-lpbnm.jpg
https://njs8lijpclsnzha2.public.blob.vercel-storage.com/media/sights/luang-prabang/luang-prabang-night-market/c795e499-ea2c-4db9-b2df-3a1d862f41c7-lpbnm2.jpg,media/sights/luang-prabang/luang-prabang-night-market/c795e499-ea2c-4db9-b2df-3a1d862f41c7-lpbnm2.jpg,https://media.seawhere.com/media/sights/luang-prabang/luang-prabang-night-market/c795e499-ea2c-4db9-b2df-3a1d862f41c7-lpbnm2.jpg
https://njs8lijpclsnzha2.public.blob.vercel-storage.com/media/sights/luang-prabang/mekong-river-cruise/4fb14505-1de8-441c-9911-8501cc8b2967-rivercruise.webp,media/sights/luang-prabang/mekong-river-cruise/4fb14505-1de8-441c-9911-8501cc8b2967-rivercruise.webp,https://media.seawhere.com/media/sights/luang-prabang/mekong-river-cruise/4fb14505-1de8-441c-9911-8501cc8b2967-rivercruise.webp
https://njs8lijpclsnzha2.public.blob.vercel-storage.com/media/sights/luang-prabang/mekong-river-cruise/104f2dfa-aba7-4bbe-87f5-b43f509d3d11-riverc3.webp,media/sights/luang-prabang/mekong-river-cruise/104f2dfa-aba7-4bbe-87f5-b43f509d3d11-riverc3.webp,https://media.seawhere.com/media/sights/luang-prabang/mekong-river-cruise/104f2dfa-aba7-4bbe-87f5-b43f509d3d11-riverc3.webp
https://njs8lijpclsnzha2.public.blob.vercel-storage.com/media/sights/luang-prabang/mekong-river-cruise/687fb70b-2d9b-433a-bf73-c3d6d3df74a6-riverc2.webp,media/sights/luang-prabang/mekong-river-cruise/687fb70b-2d9b-433a-bf73-c3d6d3df74a6-riverc2.webp,https://media.seawhere.com/media/sights/luang-prabang/mekong-river-cruise/687fb70b-2d9b-433a-bf73-c3d6d3df74a6-riverc2.webp
https://njs8lijpclsnzha2.public.blob.vercel-storage.com/media/sights/luang-prabang/morning-market-lpb/4fe99184-eec3-4e2d-ba1a-8979c4e8f086-luang-prabang-morning-market-2.webp,media/sights/luang-prabang/morning-market-lpb/4fe99184-eec3-4e2d-ba1a-8979c4e8f086-luang-prabang-morning-market-2.webp,https://media.seawhere.com/media/sights/luang-prabang/morning-market-lpb/4fe99184-eec3-4e2d-ba1a-8979c4e8f086-luang-prabang-morning-market-2.webp
https://njs8lijpclsnzha2.public.blob.vercel-storage.com/media/sights/luang-prabang/mount-phousi/4b401dbf-d279-4c13-817a-39a5516a244d-phousi4.jpg,media/sights/luang-prabang/mount-phousi/4b401dbf-d279-4c13-817a-39a5516a244d-phousi4.jpg,https://media.seawhere.com/media/sights/luang-prabang/mount-phousi/4b401dbf-d279-4c13-817a-39a5516a244d-phousi4.jpg
https://njs8lijpclsnzha2.public.blob.vercel-storage.com/media/sights/luang-prabang/mount-phousi/8ddd9805-a94d-4932-9c61-35c9e966c979-phousi2.jpg,media/sights/luang-prabang/mount-phousi/8ddd9805-a94d-4932-9c61-35c9e966c979-phousi2.jpg,https://media.seawhere.com/media/sights/luang-prabang/mount-phousi/8ddd9805-a94d-4932-9c61-35c9e966c979-phousi2.jpg
https://njs8lijpclsnzha2.public.blob.vercel-storage.com/media/sights/luang-prabang/mount-phousi/93f5f5cd-dbcf-464b-983a-1d371f155c42-phousi3.webp,media/sights/luang-prabang/mount-phousi/93f5f5cd-dbcf-464b-983a-1d371f155c42-phousi3.webp,https://media.seawhere.com/media/sights/luang-prabang/mount-phousi/93f5f5cd-dbcf-464b-983a-1d371f155c42-phousi3.webp
https://njs8lijpclsnzha2.public.blob.vercel-storage.com/media/sights/luang-prabang/old-quarter-lpb/ee9d084e-9261-4a40-867f-667b20cb0f92-lpboldt.webp,media/sights/luang-prabang/old-quarter-lpb/ee9d084e-9261-4a40-867f-667b20cb0f92-lpboldt.webp,https://media.seawhere.com/media/sights/luang-prabang/old-quarter-lpb/ee9d084e-9261-4a40-867f-667b20cb0f92-lpboldt.webp
https://njs8lijpclsnzha2.public.blob.vercel-storage.com/media/sights/luang-prabang/mount-phousi/5d371804-b1af-46e0-be80-bbd43bafd93b-phousi.jpg,media/sights/luang-prabang/mount-phousi/5d371804-b1af-46e0-be80-bbd43bafd93b-phousi.jpg,https://media.seawhere.com/media/sights/luang-prabang/mount-phousi/5d371804-b1af-46e0-be80-bbd43bafd93b-phousi.jpg
https://njs8lijpclsnzha2.public.blob.vercel-storage.com/media/sights/luang-prabang/old-quarter-lpb/34153dbb-ad7f-4bf3-8a3f-350831ca76b1-lpbot2.webp,media/sights/luang-prabang/old-quarter-lpb/34153dbb-ad7f-4bf3-8a3f-350831ca76b1-lpbot2.webp,https://media.seawhere.com/media/sights/luang-prabang/old-quarter-lpb/34153dbb-ad7f-4bf3-8a3f-350831ca76b1-lpbot2.webp
https://njs8lijpclsnzha2.public.blob.vercel-storage.com/media/sights/luang-prabang/pak-ou-caves/0677baeb-f822-46cb-9b6e-759e56dca1e2-pakou3.webp,media/sights/luang-prabang/pak-ou-caves/0677baeb-f822-46cb-9b6e-759e56dca1e2-pakou3.webp,https://media.seawhere.com/media/sights/luang-prabang/pak-ou-caves/0677baeb-f822-46cb-9b6e-759e56dca1e2-pakou3.webp
https://njs8lijpclsnzha2.public.blob.vercel-storage.com/media/sights/luang-prabang/pak-ou-caves/a489a108-897b-4744-8705-2fecd3c1d603-pakou2.webp,media/sights/luang-prabang/pak-ou-caves/a489a108-897b-4744-8705-2fecd3c1d603-pakou2.webp,https://media.seawhere.com/media/sights/luang-prabang/pak-ou-caves/a489a108-897b-4744-8705-2fecd3c1d603-pakou2.webp
https://njs8lijpclsnzha2.public.blob.vercel-storage.com/media/sights/luang-prabang/royal-palace-museum/b0db78d4-b6b5-4541-a825-10a949ee9838-luang-prabang-royal-palace-museum3-copy.jpg,media/sights/luang-prabang/royal-palace-museum/b0db78d4-b6b5-4541-a825-10a949ee9838-luang-prabang-royal-palace-museum3-copy.jpg,https://media.seawhere.com/media/sights/luang-prabang/royal-palace-museum/b0db78d4-b6b5-4541-a825-10a949ee9838-luang-prabang-royal-palace-museum3-copy.jpg
https://njs8lijpclsnzha2.public.blob.vercel-storage.com/media/sights/luang-prabang/pak-ou-caves/76f05dcd-4d42-461e-8c0b-55c4e548dc65-pakou.webp,media/sights/luang-prabang/pak-ou-caves/76f05dcd-4d42-461e-8c0b-55c4e548dc65-pakou.webp,https://media.seawhere.com/media/sights/luang-prabang/pak-ou-caves/76f05dcd-4d42-461e-8c0b-55c4e548dc65-pakou.webp
https://njs8lijpclsnzha2.public.blob.vercel-storage.com/media/sights/luang-prabang/phosy-market/6ac87892-3af7-46be-902f-aa1ed8d34ae2-phosi-market-5.jpg,media/sights/luang-prabang/phosy-market/6ac87892-3af7-46be-902f-aa1ed8d34ae2-phosi-market-5.jpg,https://media.seawhere.com/media/sights/luang-prabang/phosy-market/6ac87892-3af7-46be-902f-aa1ed8d34ae2-phosi-market-5.jpg
https://njs8lijpclsnzha2.public.blob.vercel-storage.com/media/sights/luang-prabang/uxo-laos-visitor-centre/27c05a11-9ec0-4fb9-a14a-5f08d06fe4f4-img_0612.jpeg,media/sights/luang-prabang/uxo-laos-visitor-centre/27c05a11-9ec0-4fb9-a14a-5f08d06fe4f4-img_0612.jpeg,https://media.seawhere.com/media/sights/luang-prabang/uxo-laos-visitor-centre/27c05a11-9ec0-4fb9-a14a-5f08d06fe4f4-img_0612.jpeg
https://njs8lijpclsnzha2.public.blob.vercel-storage.com/media/sights/vang-vieng/blue-lagoon-3/404a1f30-9710-417e-a09a-7406dcbaff71-bluelagoon3.jpg,media/sights/vang-vieng/blue-lagoon-3/404a1f30-9710-417e-a09a-7406dcbaff71-bluelagoon3.jpg,https://media.seawhere.com/media/sights/vang-vieng/blue-lagoon-3/404a1f30-9710-417e-a09a-7406dcbaff71-bluelagoon3.jpg
https://njs8lijpclsnzha2.public.blob.vercel-storage.com/media/sights/vang-vieng/nam-xay-viewpoint/38f6ebf0-99cc-422a-8b32-29440dd56cdd-nam-xay-viewpoint.jpg,media/sights/vang-vieng/nam-xay-viewpoint/38f6ebf0-99cc-422a-8b32-29440dd56cdd-nam-xay-viewpoint.jpg,https://media.seawhere.com/media/sights/vang-vieng/nam-xay-viewpoint/38f6ebf0-99cc-422a-8b32-29440dd56cdd-nam-xay-viewpoint.jpg
https://njs8lijpclsnzha2.public.blob.vercel-storage.com/media/sights/vang-vieng/blue-lagoon-4/ede2c199-94ad-423e-b1c4-6af4396e603f-bluelagoon4.webp,media/sights/vang-vieng/blue-lagoon-4/ede2c199-94ad-423e-b1c4-6af4396e603f-bluelagoon4.webp,https://media.seawhere.com/media/sights/vang-vieng/blue-lagoon-4/ede2c199-94ad-423e-b1c4-6af4396e603f-bluelagoon4.webp
https://njs8lijpclsnzha2.public.blob.vercel-storage.com/media/trips/hero/afeb4d9b-f8df-4250-9975-4dcd9ae22fca-riverc2.webp,media/trips/hero/afeb4d9b-f8df-4250-9975-4dcd9ae22fca-riverc2.webp,https://media.seawhere.com/media/trips/hero/afeb4d9b-f8df-4250-9975-4dcd9ae22fca-riverc2.webp
